case,eta,full18_rank,interpretation,N1,N2,N3,ax1,ax2,ax3,ay1,ay2,ay3,ng1,ng2,ng3,d_W,gap,bm_ax,bm_ay,bm_px,bm_py
random_00,0.0001,18,First-order local LS error only; not certified finite-noise error,3.5937548260604223e-07,1.9002899692399748e-07,4.418217512957781e-07,0.004395641244877468,0.0021260668842127384,0.004751163385356418,0.0007347229537279465,0.0003830068961174285,0.0008805000247206576,0.00019537939262557225,0.00016098811601336158,0.0006467347999207983,0.06189871377765823,0.03265369422107124,0.00039327284170034675,0.0004152799257661337,0.0017701817427239522,0.002944452563570446
random_00,1e-06,18,First-order local LS error only; not certified finite-noise error,3.5937548260604218e-09,1.9002899692399744e-09,4.41821751295778e-09,4.395641244877467e-05,2.1260668842127383e-05,4.751163385356417e-05,7.347229537279465e-06,3.830068961174285e-06,8.805000247206575e-06,1.9537939262557222e-06,1.6098811601336157e-06,6.467347999207982e-06,0.0006189871377765822,0.0003265369422107124,3.9327284170034674e-06,4.152799257661337e-06,1.7701817427239523e-05,2.944452563570446e-05
random_00,1e-08,18,First-order local LS error only; not certified finite-noise error,3.593754826060422e-11,1.9002899692399747e-11,4.418217512957781e-11,4.395641244877467e-07,2.1260668842127385e-07,4.7511633853564176e-07,7.347229537279465e-08,3.830068961174285e-08,8.805000247206575e-08,1.9537939262557224e-08,1.6098811601336158e-08,6.467347999207983e-08,6.1898713777658224e-06,3.265369422107124e-06,3.9327284170034674e-08,4.152799257661337e-08,1.7701817427239523e-07,2.944452563570446e-07
random_00,1e-10,18,First-order local LS error only; not certified finite-noise error,3.5937548260604225e-13,1.9002899692399748e-13,4.418217512957781e-13,4.395641244877467e-09,2.1260668842127383e-09,4.751163385356418e-09,7.347229537279465e-10,3.830068961174285e-10,8.805000247206575e-10,1.9537939262557226e-10,1.6098811601336158e-10,6.467347999207983e-10,6.189871377765823e-08,3.265369422107124e-08,3.9327284170034674e-10,4.1527992576613366e-10,1.7701817427239524e-09,2.944452563570446e-09
random_01,0.0001,18,First-order local LS error only; not certified finite-noise error,1.2985022547373635e-07,1.6603813788580044e-07,1.5897198835298823e-07,0.0005778976252865047,0.0006947655551307049,0.000792174137853057,0.0002582970883447171,0.0003279795400749069,0.0003054629975453148,3.873354772838313e-05,3.793146986838036e-05,6.428223570279164e-05,0.004725705427315007,0.002694252953802916,0.00019172923729760756,0.00023243255137892014,0.0010522054365751327,0.0009995047224402218
random_01,1e-06,18,First-order local LS error only; not certified finite-noise error,1.2985022547373636e-09,1.6603813788580041e-09,1.589719883529882e-09,5.778976252865046e-06,6.947655551307048e-06,7.921741378530569e-06,2.5829708834471707e-06,3.2797954007490683e-06,3.0546299754531477e-06,3.873354772838313e-07,3.7931469868380363e-07,6.428223570279163e-07,4.725705427315007e-05,2.6942529538029156e-05,1.9172923729760756e-06,2.3243255137892014e-06,1.0522054365751327e-05,9.995047224402216e-06
random_01,1e-08,18,First-order local LS error only; not certified finite-noise error,1.2985022547373636e-11,1.6603813788580042e-11,1.589719883529882e-11,5.778976252865047e-08,6.94765555130705e-08,7.92174137853057e-08,2.582970883447171e-08,3.279795400749069e-08,3.054629975453148e-08,3.8733547728383135e-09,3.793146986838036e-09,6.428223570279164e-09,4.725705427315008e-07,2.6942529538029157e-07,1.9172923729760757e-08,2.3243255137892014e-08,1.0522054365751327e-07,9.995047224402217e-08
random_01,1e-10,18,First-order local LS error only; not certified finite-noise error,1.2985022547373637e-13,1.6603813788580044e-13,1.5897198835298822e-13,5.778976252865047e-10,6.947655551307049e-10,7.92174137853057e-10,2.5829708834471713e-10,3.279795400749069e-10,3.054629975453148e-10,3.8733547728383133e-11,3.7931469868380366e-11,6.428223570279164e-11,4.725705427315008e-09,2.6942529538029157e-09,1.9172923729760758e-10,2.3243255137892014e-10,1.0522054365751327e-09,9.995047224402217e-10
random_02,0.0001,18,First-order local LS error only; not certified finite-noise error,2.1018791059350473e-07,2.3509448512458532e-07,6.382316974025165e-07,0.0015053292194861147,0.0020556941836809397,0.004213411418030762,0.00042555697096679417,0.0004803395072144932,0.0013035188685538658,6.993365562865097e-05,0.0001667438155084016,0.0004532541441246734,0.021523645093385564,0.011165762863166022,0.00041721982314585023,0.00041959607287223765,0.0015033726622998205,0.001543922355298141
random_02,1e-06,18,First-order local LS error only; not certified finite-noise error,2.1018791059350473e-09,2.350944851245853e-09,6.382316974025164e-09,1.5053292194861146e-05,2.0556941836809394e-05,4.213411418030762e-05,4.255569709667942e-06,4.803395072144932e-06,1.3035188685538656e-05,6.993365562865097e-07,1.6674381550840156e-06,4.532541441246733e-06,0.0002152364509338556,0.00011165762863166021,4.172198231458502e-06,4.195960728722376e-06,1.5033726622998204e-05,1.543922355298141e-05
random_02,1e-08,18,First-order local LS error only; not certified finite-noise error,2.1018791059350473e-11,2.3509448512458532e-11,6.382316974025164e-11,1.5053292194861146e-07,2.0556941836809393e-07,4.213411418030762e-07,4.255569709667942e-08,4.803395072144932e-08,1.3035188685538658e-07,6.993365562865097e-09,1.667438155084016e-08,4.5325414412467336e-08,2.1523645093385564e-06,1.1165762863166023e-06,4.172198231458502e-08,4.195960728722376e-08,1.5033726622998204e-07,1.543922355298141e-07
random_02,1e-10,18,First-order local LS error only; not certified finite-noise error,2.1018791059350474e-13,2.350944851245853e-13,6.382316974025164e-13,1.5053292194861147e-09,2.0556941836809392e-09,4.213411418030762e-09,4.255569709667942e-10,4.803395072144932e-10,1.3035188685538658e-09,6.993365562865098e-11,1.667438155084016e-10,4.5325414412467336e-10,2.1523645093385562e-08,1.1165762863166022e-08,4.1721982314585023e-10,4.1959607287223764e-10,1.5033726622998204e-09,1.5439223552981411e-09
random_03,0.0001,18,First-order local LS error only; not certified finite-noise error,6.402328826791638e-07,2.620823788669628e-07,6.161201980876793e-07,0.003169396295282713,0.001747116521789387,0.001948243629636973,0.0012660214944033997,0.000515348096794141,0.0011966166051840044,0.00023172102475484368,0.00010892566984321782,0.00011693042643044962,0.015790279247598786,0.009264238807897347,0.0006112817056424442,0.0003940448905936293,0.0016479422739579224,0.0024580633153701505
random_03,1e-06,18,First-order local LS error only; not certified finite-noise error,6.402328826791637e-09,2.620823788669628e-09,6.1612019808767915e-09,3.1693962952827126e-05,1.747116521789387e-05,1.948243629636973e-05,1.2660214944033994e-05,5.1534809679414085e-06,1.1966166051840044e-05,2.3172102475484365e-06,1.089256698432178e-06,1.169304264304496e-06,0.00015790279247598782,9.264238807897347e-05,6.112817056424442e-06,3.940448905936293e-06,1.6479422739579222e-05,2.4580633153701504e-05
random_03,1e-08,18,First-order local LS error only; not certified finite-noise error,6.402328826791638e-11,2.620823788669628e-11,6.161201980876792e-11,3.1693962952827127e-07,1.747116521789387e-07,1.948243629636973e-07,1.2660214944033997e-07,5.153480967941409e-08,1.1966166051840046e-07,2.3172102475484367e-08,1.089256698432178e-08,1.1693042643044962e-08,1.5790279247598785e-06,9.264238807897347e-07,6.112817056424442e-08,3.940448905936293e-08,1.6479422739579225e-07,2.4580633153701506e-07
random_03,1e-10,18,First-order local LS error only; not certified finite-noise error,6.402328826791638e-13,2.6208237886696277e-13,6.161201980876792e-13,3.169396295282713e-09,1.747116521789387e-09,1.9482436296369733e-09,1.2660214944033996e-09,5.153480967941409e-10,1.1966166051840045e-09,2.3172102475484367e-10,1.0892566984321782e-10,1.1693042643044962e-10,1.5790279247598786e-08,9.264238807897348e-09,6.112817056424442e-10,3.940448905936293e-10,1.6479422739579225e-09,2.4580633153701506e-09
random_04,0.0001,18,First-order local LS error only; not certified finite-noise error,3.8938706408419276e-07,5.21002631713389e-07,2.587225034025183e-07,0.0021747245772553575,0.002816903953627501,0.0018238353086237667,0.0007632520448878091,0.001038325803816646,0.000508728078469569,0.0002992163433022788,0.00019664291234074938,0.00010248971675666414,0.023665904887870137,0.011630186442719105,0.0014663354730313058,0.0010691118004851985,0.008212938856802103,0.00870648893277036
random_04,1e-06,18,First-order local LS error only; not certified finite-noise error,3.893870640841927e-09,5.210026317133889e-09,2.587225034025183e-09,2.1747245772553575e-05,2.816903953627501e-05,1.8238353086237664e-05,7.632520448878092e-06,1.0383258038166459e-05,5.0872807846956895e-06,2.992163433022788e-06,1.966429123407494e-06,1.0248971675666414e-06,0.00023665904887870134,0.00011630186442719104,1.4663354730313056e-05,1.0691118004851985e-05,8.212938856802102e-05,8.70648893277036e-05
random_04,1e-08,18,First-order local LS error only; not certified finite-noise error,3.8938706408419277e-11,5.21002631713389e-11,2.587225034025183e-11,2.1747245772553578e-07,2.816903953627501e-07,1.8238353086237667e-07,7.632520448878092e-08,1.038325803816646e-07,5.0872807846956896e-08,2.992163433022788e-08,1.9664291234074938e-08,1.0248971675666415e-08,2.3665904887870136e-06,1.1630186442719105e-06,1.4663354730313058e-07,1.0691118004851985e-07,8.212938856802103e-07,8.70648893277036e-07
random_04,1e-10,18,First-order local LS error only; not certified finite-noise error,3.893870640841928e-13,5.21002631713389e-13,2.587225034025183e-13,2.1747245772553575e-09,2.8169039536275014e-09,1.8238353086237666e-09,7.632520448878092e-10,1.038325803816646e-09,5.087280784695689e-10,2.992163433022788e-10,1.9664291234074938e-10,1.0248971675666414e-10,2.3665904887870137e-08,1.1630186442719105e-08,1.4663354730313057e-09,1.0691118004851985e-09,8.212938856802103e-09,8.70648893277036e-09
random_05,0.0001,18,First-order local LS error only; not certified finite-noise error,9.413157984344771e-07,6.228296616656309e-07,1.322843197913084e-06,0.01077006897327488,0.007226217970925402,0.013079702920263078,0.0019440538665227863,0.0012634765964444415,0.0027052374751216166,0.001023161517051699,0.0005322897341712823,0.0007744011576972855,0.10736792045724283,0.05441326801905059,0.0022662725530125456,0.0017487191871819094,0.0050267073755196215,0.007278886947061921
random_05,1e-06,18,First-order local LS error only; not certified finite-noise error,9.41315798434477e-09,6.228296616656309e-09,1.3228431979130837e-08,0.0001077006897327488,7.226217970925401e-05,0.00013079702920263075,1.944053866522786e-05,1.2634765964444413e-05,2.7052374751216164e-05,1.023161517051699e-05,5.322897341712822e-06,7.744011576972854e-06,0.0010736792045724281,0.0005441326801905058,2.2662725530125454e-05,1.7487191871819093e-05,5.026707375519621e-05,7.27888694706192e-05
random_05,1e-08,18,First-order local LS error only; not certified finite-noise error,9.41315798434477e-11,6.228296616656309e-11,1.3228431979130837e-10,1.077006897327488e-06,7.226217970925401e-07,1.3079702920263076e-06,1.9440538665227863e-07,1.2634765964444415e-07,2.7052374751216165e-07,1.023161517051699e-07,5.3228973417128225e-08,7.744011576972856e-08,1.0736792045724284e-05,5.441326801905059e-06,2.2662725530125458e-07,1.7487191871819092e-07,5.026707375519622e-07,7.27888694706192e-07
random_05,1e-10,18,First-order local LS error only; not certified finite-noise error,9.413157984344772e-13,6.228296616656309e-13,1.3228431979130838e-12,1.077006897327488e-08,7.226217970925402e-09,1.3079702920263078e-08,1.9440538665227864e-09,1.2634765964444415e-09,2.7052374751216167e-09,1.0231615170516991e-09,5.322897341712823e-10,7.744011576972855e-10,1.0736792045724282e-07,5.441326801905059e-08,2.2662725530125457e-09,1.7487191871819092e-09,5.0267073755196215e-09,7.27888694706192e-09
random_06,0.0001,18,First-order local LS error only; not certified finite-noise error,1.079981999822519e-06,1.1744967907745627e-06,1.7367973839169146e-06,0.019208788229257513,0.01566690527491374,0.021236839484376574,0.0020807219905217954,0.0022369346000189506,0.0038093924848175338,0.001722147941775591,0.003537919802538697,0.010118663232598519,0.5205613806626795,0.2251369257485808,0.00807918570141293,0.004555552475341087,0.029094456950528605,0.030499087130124374
random_06,1e-06,18,First-order local LS error only; not certified finite-noise error,1.079981999822519e-08,1.1744967907745625e-08,1.7367973839169145e-08,0.00019208788229257512,0.00015666905274913737,0.0002123683948437657,2.0807219905217956e-05,2.2369346000189504e-05,3.8093924848175334e-05,1.7221479417755908e-05,3.537919802538697e-05,0.00010118663232598518,0.005205613806626794,0.002251369257485808,8.079185701412929e-05,4.555552475341086e-05,0.00029094456950528604,0.0003049908713012437
random_06,1e-08,18,First-order local LS error only; not certified finite-noise error,1.079981999822519e-10,1.1744967907745626e-10,1.7367973839169145e-10,1.9208788229257513e-06,1.566690527491374e-06,2.123683948437657e-06,2.0807219905217955e-07,2.2369346000189507e-07,3.8093924848175337e-07,1.722147941775591e-07,3.5379198025386973e-07,1.0118663232598518e-06,5.205613806626795e-05,2.251369257485808e-05,8.07918570141293e-07,4.5555524753410864e-07,2.9094456950528603e-06,3.0499087130124374e-06
random_06,1e-10,18,First-order local LS error only; not certified finite-noise error,1.079981999822519e-12,1.1744967907745625e-12,1.7367973839169146e-12,1.9208788229257513e-08,1.566690527491374e-08,2.1236839484376574e-08,2.0807219905217957e-09,2.2369346000189506e-09,3.809392484817534e-09,1.722147941775591e-09,3.537919802538697e-09,1.011866323259852e-08,5.205613806626795e-07,2.2513692574858078e-07,8.079185701412929e-09,4.555552475341087e-09,2.9094456950528606e-08,3.049908713012437e-08
random_07,0.0001,18,First-order local LS error only; not certified finite-noise error,4.2960649719748604e-07,3.626160488171146e-07,1.9098056949124918e-07,0.0016447053327784415,0.0014140841485212883,0.0012102419582802738,0.0008352591104453683,0.0007006798730758908,0.00037888002041563365,0.00017631754859535,0.00012865293752291815,7.640908022672291e-05,0.006182499617843647,0.004310433286294766,0.00033372545722015713,0.0005142053991526522,0.002180816877422129,0.0017869361126739492
random_07,1e-06,18,First-order local LS error only; not certified finite-noise error,4.29606497197486e-09,3.6261604881711456e-09,1.9098056949124917e-09,1.6447053327784412e-05,1.4140841485212882e-05,1.2102419582802739e-05,8.352591104453683e-06,7.0067987307589075e-06,3.7888002041563364e-06,1.7631754859534997e-06,1.2865293752291813e-06,7.64090802267229e-07,6.182499617843646e-05,4.3104332862947654e-05,3.337254572201571e-06,5.1420539915265215e-06,2.1808168774221285e-05,1.7869361126739492e-05
random_07,1e-08,18,First-order local LS error only; not certified finite-noise error,4.2960649719748604e-11,3.6261604881711455e-11,1.909805694912492e-11,1.6447053327784414e-07,1.4140841485212884e-07,1.2102419582802739e-07,8.352591104453683e-08,7.006798730758908e-08,3.7888002041563366e-08,1.7631754859534998e-08,1.2865293752291813e-08,7.64090802267229e-09,6.182499617843646e-07,4.310433286294766e-07,3.337254572201571e-08,5.142053991526522e-08,2.1808168774221287e-07,1.7869361126739492e-07
random_07,1e-10,18,First-order local LS error only; not certified finite-noise error,4.2960649719748606e-13,3.6261604881711457e-13,1.9098056949124918e-13,1.6447053327784414e-09,1.4140841485212883e-09,1.210241958280274e-09,8.352591104453683e-10,7.006798730758908e-10,3.788800204156337e-10,1.7631754859534998e-10,1.2865293752291815e-10,7.64090802267229e-11,6.1824996178436465e-09,4.3104332862947656e-09,3.337254572201571e-10,5.142053991526522e-10,2.1808168774221285e-09,1.7869361126739493e-09
moderate_unsorted,0.0001,18,First-order local LS error only; not certified finite-noise error,1.2111931418923288e-06,1.1356342243946695e-06,1.4991587277368802e-06,0.040724817441334396,0.04251298441340413,0.061291743704597,0.002320143757171101,0.0022791458823269483,0.0029210002940315777,0.003913773450014754,0.008031274329597486,0.01880123392476848,1.196837198021701,0.5402497493263445,0.0068332918358388,0.007207363475932191,0.026712734996862764,0.023760791401473247
moderate_unsorted,1e-06,18,First-order local LS error only; not certified finite-noise error,1.2111931418923288e-08,1.1356342243946694e-08,1.49915872773688e-08,0.00040724817441334393,0.00042512984413404126,0.00061291743704597,2.320143757171101e-05,2.279145882326948e-05,2.9210002940315773e-05,3.9137734500147534e-05,8.031274329597485e-05,0.00018801233924768478,0.011968371980217008,0.005402497493263445,6.8332918358388e-05,7.20736347593219e-05,0.0002671273499686276,0.00023760791401473242
moderate_unsorted,1e-08,18,First-order local LS error only; not certified finite-noise error,1.211193141892329e-10,1.1356342243946695e-10,1.4991587277368804e-10,4.07248174413344e-06,4.251298441340412e-06,6.1291743704597006e-06,2.3201437571711012e-07,2.2791458823269483e-07,2.9210002940315775e-07,3.913773450014754e-07,8.031274329597485e-07,1.880123392476848e-06,0.0001196837198021701,5.402497493263445e-05,6.8332918358388e-07,7.207363475932191e-07,2.6712734996862765e-06,2.3760791401473246e-06
moderate_unsorted,1e-10,18,First-order local LS error only; not certified finite-noise error,1.2111931418923289e-12,1.1356342243946695e-12,1.4991587277368803e-12,4.07248174413344e-08,4.251298441340413e-08,6.129174370459701e-08,2.320143757171101e-09,2.2791458823269486e-09,2.9210002940315774e-09,3.913773450014754e-09,8.031274329597486e-09,1.880123392476848e-08,1.196837198021701e-06,5.402497493263445e-07,6.8332918358388005e-09,7.2073634759321905e-09,2.6712734996862766e-08,2.3760791401473245e-08
wide_unsorted,0.0001,18,First-order local LS error only; not certified finite-noise error,3.724823854398749e-07,2.6063845894690846e-07,3.212512300240101e-07,0.004969199201871491,0.002583290227222009,0.004174696760410408,0.000770922462998268,0.0005203796239374199,0.0006594036023431415,0.00016872941546809274,0.00012622444894255395,0.0004211172481319457,0.03899482229976195,0.021867560208693255,0.0004270544543169997,0.0004305955846943196,0.0017608714101518084,0.0020108869500080613
wide_unsorted,1e-06,18,First-order local LS error only; not certified finite-noise error,3.7248238543987488e-09,2.6063845894690843e-09,3.2125123002401008e-09,4.969199201871491e-05,2.5832902272220086e-05,4.1746967604104076e-05,7.70922462998268e-06,5.203796239374199e-06,6.594036023431415e-06,1.6872941546809271e-06,1.2622444894255395e-06,4.211172481319457e-06,0.0003899482229976195,0.00021867560208693255,4.270544543169997e-06,4.305955846943195e-06,1.7608714101518082e-05,2.010886950008061e-05
wide_unsorted,1e-08,18,First-order local LS error only; not certified finite-noise error,3.724823854398749e-11,2.6063845894690843e-11,3.212512300240101e-11,4.969199201871492e-07,2.5832902272220084e-07,4.174696760410408e-07,7.70922462998268e-08,5.2037962393741995e-08,6.594036023431416e-08,1.6872941546809272e-08,1.2622444894255396e-08,4.211172481319457e-08,3.899482229976195e-06,2.1867560208693257e-06,4.2705445431699974e-08,4.3059558469431954e-08,1.7608714101518083e-07,2.0108869500080612e-07
wide_unsorted,1e-10,18,First-order local LS error only; not certified finite-noise error,3.724823854398749e-13,2.6063845894690844e-13,3.212512300240101e-13,4.9691992018714915e-09,2.5832902272220087e-09,4.174696760410408e-09,7.709224629982681e-10,5.203796239374199e-10,6.594036023431415e-10,1.6872941546809272e-10,1.2622444894255397e-10,4.211172481319457e-10,3.899482229976195e-08,2.1867560208693254e-08,4.2705445431699974e-10,4.3059558469431956e-10,1.7608714101518083e-09,2.0108869500080614e-09
exact_collision,0.0001,18,First-order local LS error only; not certified finite-noise error,4.629651940546852e-06,3.6935181135118762e-06,1.636068334017049e-06,0.2238572274405864,0.06953644503915452,0.07557188765882113,0.2519312122463364,0.5980822461193229,0.003228119585962954,0.04731918654698924,0.035601453492551074,0.013816339151545625,0.8523824612598825,0.8073663598329957,0.014658597876086038,0.01651741089810866,0.07047767449525986,0.10413199624107419
exact_collision,1e-06,18,First-order local LS error only; not certified finite-noise error,4.6296519405468514e-08,3.6935181135118756e-08,1.6360683340170488e-08,0.002238572274405864,0.0006953644503915451,0.0007557188765882111,0.002519312122463364,0.005980822461193229,3.228119585962954e-05,0.00047319186546989234,0.00035601453492551066,0.00013816339151545624,0.008523824612598823,0.008073663598329957,0.00014658597876086036,0.00016517410898108658,0.0007047767449525986,0.001041319962410742
exact_collision,1e-08,18,First-order local LS error only; not certified finite-noise error,4.6296519405468513e-10,3.693518113511876e-10,1.636068334017049e-10,2.238572274405864e-05,6.953644503915451e-06,7.557188765882112e-06,2.519312122463364e-05,5.980822461193229e-05,3.2281195859629544e-07,4.731918654698924e-06,3.560145349255107e-06,1.3816339151545625e-06,8.523824612598824e-05,8.073663598329957e-05,1.4658597876086037e-06,1.651741089810866e-06,7.047767449525986e-06,1.0413199624107419e-05
exact_collision,1e-10,18,First-order local LS error only; not certified finite-noise error,4.629651940546851e-12,3.6935181135118765e-12,1.636068334017049e-12,2.238572274405864e-07,6.953644503915452e-08,7.557188765882112e-08,2.519312122463364e-07,5.980822461193229e-07,3.2281195859629544e-09,4.731918654698924e-08,3.560145349255107e-08,1.3816339151545626e-08,8.523824612598825e-07,8.073663598329956e-07,1.4658597876086038e-08,1.651741089810866e-08,7.047767449525986e-08,1.041319962410742e-07
weak_first,0.0001,18,First-order local LS error only; not certified finite-noise error,2.539198075157047e-05,5.082876142666107e-07,5.538898792266644e-07,0.776396325504268,0.010944657046590324,0.029372030301132907,0.04879750110271223,0.0010124583550795627,0.001090878994422992,3.7273830710649922,0.000917606030483212,0.005657021143934196,0.6546924646477734,0.5179700402547145,0.0027297369097160976,0.002368435005903692,0.19921469448047294,0.13295117546516474
weak_first,1e-06,18,First-order local LS error only; not certified finite-noise error,2.539198075157047e-07,5.082876142666107e-09,5.538898792266643e-09,0.007763963255042679,0.00010944657046590323,0.00029372030301132905,0.0004879750110271222,1.0124583550795627e-05,1.090878994422992e-05,0.037273830710649915,9.17606030483212e-06,5.6570211439341955e-05,0.006546924646477733,0.005179700402547145,2.7297369097160973e-05,2.368435005903692e-05,0.001992146944804729,0.0013295117546516474
weak_first,1e-08,18,First-order local LS error only; not certified finite-noise error,2.539198075157047e-09,5.0828761426661074e-11,5.538898792266643e-11,7.76396325504268e-05,1.0944657046590325e-06,2.937203030113291e-06,4.879750110271222e-06,1.0124583550795628e-07,1.090878994422992e-07,0.0003727383071064992,9.17606030483212e-08,5.657021143934196e-07,6.546924646477733e-05,5.179700402547145e-05,2.7297369097160977e-07,2.368435005903692e-07,1.992146944804729e-05,1.3295117546516475e-05
weak_first,1e-10,18,First-order local LS error only; not certified finite-noise error,2.539198075157047e-11,5.082876142666108e-13,5.538898792266643e-13,7.763963255042679e-07,1.0944657046590324e-08,2.9372030301132908e-08,4.879750110271223e-08,1.0124583550795628e-09,1.090878994422992e-09,3.727383071064992e-06,9.17606030483212e-10,5.657021143934196e-09,6.546924646477734e-07,5.179700402547146e-07,2.7297369097160974e-09,2.368435005903692e-09,1.9921469448047293e-07,1.3295117546516475e-07
