cohort,id,noise_amplitude,passes_001,max_native_error,worst_coordinate,canonical_max_residual,exact_model_vs_observed_interval_bound,strict_physical,hard_band_compatible_under_ivx,seconds,error_N1,error_N2,error_N3,error_ax1,error_ax2,error_ax3,error_ay1,error_ay2,error_ay3,error_ng1,error_ng2,error_ng3,error_d_W,error_gap,error_bm_ax,error_bm_ay,error_bm_px,error_bm_py
fresh_combined_seed20261005,random_00,0.0,True,3.742561816011403e-12,ax1,5.968558980384842e-13,9.041312503102757e-11,True,,2.387957299943082,4.440892098500626e-16,2.220446049250313e-16,0.0,3.742561816011403e-12,3.4638958368304884e-14,1.4424017535930034e-12,8.206768598029157e-13,2.6681434839304075e-13,1.092459456231154e-13,8.528733275170453e-13,1.3766765505351941e-14,5.417888360170764e-14,1.7905676941154525e-12,6.217248937900877e-13,3.872457909892546e-13,4.369837824924616e-13,8.544276397515205e-13,9.36140054363932e-13
fresh_combined_seed20261005,random_01,0.0,True,8.707035092925253e-12,ax2,4.5680126348202066e-12,7.243031699645841e-11,True,,2.5433572999900207,1.1102230246251565e-16,2.220446049250313e-15,4.440892098500626e-16,1.7266188478970435e-12,8.707035092925253e-12,8.277822871605167e-13,1.7674750552032492e-13,4.4941828036826337e-13,2.3447910280083306e-13,1.7741363933510002e-13,2.0750068330244176e-12,1.3322676295501878e-14,5.172751116333529e-12,3.559819106158102e-12,3.643307877609914e-12,1.3216094885137863e-12,6.45261621912141e-12,2.9949376312288223e-12
fresh_combined_seed20261005,random_02,0.0,False,19.97821191781712,ax3,14.013034841104037,14.013034841195116,True,,63.58438300003763,0.026586800410639988,2.729088307101186,4.6430448752524045,0.9602705743322169,12.191184814766686,19.97821191781712,12.538737447144095,11.759976389125471,1.9865224557029775,0.34478128335646163,0.2342255173919372,0.3522701602438243,0.9822287599237143,9.746467458733743,1.8429590232026527,2.858912925630783,1.1086334519282484,4.804544623520544
fresh_combined_seed20261005,random_03,0.0,False,15.930955236084463,ay2,0.7005774229593271,0.7005774231517276,True,,66.55807510006707,4.598922542320416e-05,1.2817608453849134,1.2817647676587283,0.19573342349335254,7.28691782931754,9.614059358374476,0.05381543057458682,15.930955236084463,15.900299483126378,0.053219863131321876,0.43207845931895417,0.15697472194853157,15.101962420657912,6.792826507676937,0.06000233701238855,0.06338685712739078,0.6739170864244981,0.6806963214257529
fresh_combined_seed20261005,random_04,0.0,True,9.879208562324493e-12,ax2,6.469491609095712e-12,9.040396866476388e-10,True,,9.937474600039423,1.7763568394002505e-15,1.7763568394002505e-15,4.440892098500626e-16,7.531752999057062e-13,9.879208562324493e-12,1.2541079286165768e-12,2.014388655879884e-12,2.298605750183924e-12,6.039613253960852e-13,1.0658141036401503e-14,8.468781231840694e-13,5.417888360170764e-14,9.038103598868474e-12,4.508393658397836e-12,6.519229600598919e-13,6.199485369506874e-13,4.064304448547773e-12,1.099564883588755e-12
fresh_combined_seed20261005,random_05,0.0,True,1.021760454023024e-11,d_W,1.6181278539306732e-10,1.2734908006956407e-09,True,,3.74262350006029,2.220446049250313e-16,0.0,4.440892098500626e-16,3.2152058793144533e-13,8.72191208145523e-13,4.75441908065477e-12,1.1457501614131615e-13,2.1671553440683056e-13,3.8902214782865485e-13,6.217248937900877e-15,4.574118861455645e-14,7.491784970170556e-13,1.021760454023024e-11,6.602718372050731e-12,1.078248601515952e-12,1.0906830993917538e-12,3.418598737425782e-12,4.085620730620576e-12
fresh_combined_seed20261005,random_06,0.0,True,6.434675015043467e-11,d_W,4.6763926064841144e-11,7.516245572261029e-10,True,,5.093108499888331,2.220446049250313e-16,1.199040866595169e-14,2.220446049250313e-16,1.0366818514739862e-11,7.810196933633051e-12,1.0741629807853315e-11,7.067679774763747e-13,2.5625723765188013e-11,1.744382416291046e-12,6.572520305780927e-13,1.63113966777928e-12,1.1153300505384323e-12,6.434675015043467e-11,1.2891021583527618e-11,3.0668800832245324e-12,1.7141843500212417e-12,6.957989739930781e-12,3.8755665343614965e-12
fresh_combined_seed20261005,random_07,0.0,False,33.990569470284456,ay2,19.24359467181187,19.243594671895632,True,,114.11118500004523,0.00019295853693612752,0.08074809835515234,3.0207590827162254,4.896432520494617,1.3816786166244448,14.670888212782044,0.6754056377829922,33.990569470284456,2.9362619148802587,0.19392409606593053,0.2391364353241825,0.22773478704193773,4.293584342505277,1.2260664646889623,3.323451074474015,9.055146680345544,2.9383667536651403,8.176352797627866
fresh_combined_seed20261005,random_08,0.0,True,6.573941391252447e-11,d_W,9.034550885189674e-12,8.121680069676383e-11,True,,3.7101441000122577,3.1086244689504383e-15,3.3306690738754696e-15,6.661338147750939e-16,9.893419417039695e-12,2.665867526729926e-11,9.391598609909124e-12,8.512301974406e-12,8.79740724712974e-12,1.991518061572606e-12,4.277245224670878e-12,3.6211034171174106e-12,5.173639294753229e-13,6.573941391252447e-11,3.445776997068606e-11,2.4513724383723456e-12,1.6404655411861313e-12,9.835687819759187e-12,6.481926106971514e-12
fresh_combined_seed20261005,random_09,0.0,True,2.545164079492679e-11,d_W,5.047295914550887e-12,2.0398602207652284e-10,True,,3.8941165000433102,4.440892098500626e-16,7.771561172376096e-16,0.0,2.7426949600339867e-12,7.93853871527972e-12,8.43947134399059e-12,1.8474111129762605e-12,2.27018404075352e-12,1.1319833959078096e-12,2.7755575615628914e-13,6.59472476627343e-13,7.4495964952348e-13,2.545164079492679e-11,1.716227160386552e-11,1.1475265182525618e-12,1.5578649481540197e-12,2.439826118916244e-12,4.266809128239402e-12
fresh_combined_seed20261005,random_00,1e-06,True,9.58118832272703e-06,d_W,9.971330854341431e-07,9.97223271176991e-07,True,True,19.761932900059037,4.262679098587796e-11,1.6124546142748386e-11,2.8405278129639555e-11,1.3891376913210962e-06,8.544569238821964e-07,3.6130320424376805e-07,3.06417713424878e-09,1.1802694696583238e-08,3.247752200508103e-08,3.481052617271274e-07,1.0828644603222415e-07,4.486583482510298e-08,9.58118832272703e-06,8.034486919328288e-06,9.985089768349553e-07,1.4093849216578747e-06,5.013278497223439e-06,6.649963509186563e-06
fresh_combined_seed20261005,random_01,1e-06,True,1.236198165344149e-05,d_W,9.50419916989631e-07,9.504896899038842e-07,True,True,16.36583599995356,4.970579503549288e-12,2.9813929103283954e-12,2.1695223395568064e-10,8.687307433419278e-07,2.208213190968422e-06,1.0471217901653063e-06,5.755290466424867e-09,2.1733420396685688e-07,3.191212805120358e-07,1.3085516403776865e-07,5.526756927665133e-07,2.2482402894929976e-07,1.236198165344149e-05,5.198880591805732e-06,4.4562777379297813e-07,6.029832846365935e-07,2.7840290228731135e-07,2.0143854206899903e-07
fresh_combined_seed20261005,random_02,1e-06,False,14.14719019077868,ax2,11.324251413406898,11.324251413453645,True,False,60.60734989994671,1.7395837988900473,2.731984316553812,4.627588677024785,11.345461857130386,14.14719019077868,12.923589853244005,12.538737447144099,5.924740670621275,8.913781694715745,0.34478128335646185,0.2657744826080626,0.01614424352347732,1.674707972098659,1.6214674587337434,0.5423309081326071,2.8589129256307864,1.5082371731777124,5.195455376479456
fresh_combined_seed20261005,random_03,1e-06,False,15.946216185211743,ay2,0.3614667135540657,0.36146671403623964,True,False,46.76125580002554,0.00011721872245606946,1.2817375594723557,1.2817832397748792,0.21546876230553336,7.098274078191507,9.769606510140184,0.1678914759443142,15.946216185211743,15.913011080213924,0.0532198631313221,0.4320784593189544,0.14421309859336917,13.834884360164097,5.971877524099618,0.33224058758880304,0.32652164318968957,0.03129831211614498,0.008323185116349663
fresh_combined_seed20261005,random_04,1e-06,True,2.5306867428298574e-06,d_W,9.803540592656645e-07,9.812551714517076e-07,True,True,9.929103499976918,2.7358115772813107e-11,4.594991054318598e-12,2.0035417769292962e-11,7.204439995689427e-07,3.1967304536806296e-07,4.7293269034298646e-07,9.15497970765955e-08,6.173891620164795e-09,8.063315171114027e-08,3.6091909016988666e-08,2.893461892305993e-08,2.1652016846118727e-08,2.5306867428298574e-06,2.4204607735889283e-06,3.196915177028359e-08,1.8185422234751059e-07,2.577837164841057e-07,1.2850926101037885e-06
fresh_combined_seed20261005,random_05,1e-06,True,4.7070075614996654e-07,bm_py,9.848711801652144e-07,9.85683235224407e-07,True,True,8.472266099997796,2.256106412801273e-11,3.654410107856165e-12,2.573985469211948e-11,3.107073709429642e-09,4.075825543736755e-08,2.487006121043578e-07,8.673301810091516e-08,7.49423101353841e-09,4.394210417757449e-08,5.161155947064344e-10,1.4463348296800405e-09,3.535585846314859e-08,6.352721015900897e-09,1.671503646605288e-08,5.796369606514418e-09,1.0028615804458241e-07,1.788105086220071e-08,4.7070075614996654e-07
fresh_combined_seed20261005,random_06,1e-06,True,5.841649346471911e-07,ax2,9.925043116254528e-07,9.931335807592815e-07,True,True,4.736144299968146,2.4701796164094958e-11,6.289413434501512e-11,7.283018632620042e-11,2.929662556994117e-08,5.841649346471911e-07,6.435209876087811e-08,4.618573623549338e-08,1.29415916205744e-07,1.4145999749359817e-07,6.542233421669152e-11,1.1326962701119214e-07,6.411553732377229e-09,3.591858330764808e-07,3.3852528824596106e-07,3.191291053639134e-08,5.8639026079276846e-08,1.066989860909473e-07,5.438127503865076e-09
fresh_combined_seed20261005,random_07,1e-06,False,30.07547222723108,ay2,17.35198887758861,17.35198890791309,True,False,116.50930889998563,0.002154482599051377,0.08266918374477973,3.025572871303715,4.9156533806170515,1.4668152342195988,9.841575891348356,6.010401305682427,30.07547222723108,3.84657559634036,0.07388443622729679,0.12909348215141625,0.2357938913229234,9.170483613941258,10.067683535311039,2.913049485357515,9.355240327150703,2.9383667536651403,8.176352797627866
fresh_combined_seed20261005,random_08,1e-06,True,4.046003397206732e-06,d_W,9.952769772780812e-07,9.953503438351537e-07,True,True,18.27520579996053,1.9600321365942364e-11,4.494471461669036e-11,2.7046365147498364e-11,5.879075373194098e-07,1.6332483516734442e-06,1.1387100329329769e-07,4.134431819124984e-08,1.7123350470882315e-07,7.127456713718061e-08,2.522452704489808e-07,2.2124007070800644e-07,1.666567706060107e-08,4.046003397206732e-06,1.2303405174662885e-06,1.3629042605600716e-07,7.659180205621396e-07,1.1416292200472355e-07,2.4764013221156844e-06
fresh_combined_seed20261005,random_09,1e-06,True,1.2241673701396394e-06,ax2,9.974219237207649e-07,9.976243083408226e-07,True,True,9.42046950000804,1.3195888826089686e-11,1.3554024569373269e-10,1.458100307161203e-11,2.662986471335671e-07,1.2241673701396394e-06,7.1644542742888e-08,2.5576847306751915e-08,2.481269660847829e-07,1.4017958349654691e-08,2.3032921570020903e-08,8.882402258159061e-08,7.490792430786541e-09,3.003376392030077e-07,2.9291372882767064e-08,6.101648519774017e-08,2.5959983851464585e-07,2.3485701161618522e-08,7.03994794903906e-07
fresh_combined_seed20261005,random_00,0.0001,True,0.000958133024568042,d_W,9.973864391099596e-05,9.973866904939295e-05,True,True,16.240628400002606,4.262032948787464e-09,1.6122126966777728e-09,2.840236490442294e-09,0.00013892320023733973,8.544083704542516e-05,3.612561866717101e-05,3.080065065219628e-07,1.1797059345647343e-06,3.2482784364518125e-06,3.481133226501676e-05,1.082823290632362e-05,4.486427055416797e-06,0.000958133024568042,0.0008034687680762431,9.985451039185023e-05,9.254948992776235e-05,0.0005013529343633749,0.0005493418399025174
fresh_combined_seed20261005,random_01,0.0001,False,0.0012362185777661239,d_W,9.504841614926818e-05,9.504844137455876e-05,True,True,18.878142199944705,4.968111477765547e-10,2.99334557141151e-10,2.1695210961070188e-08,8.686778297928299e-05,0.00022083545807394245,0.00010471810382650659,5.750876121979331e-07,2.1735934202737894e-05,3.1912288076085815e-05,1.3084926136608388e-05,5.5264703749724475e-05,2.2483514864557463e-05,0.0012362185777661239,0.0005198842571889628,4.456015012710424e-05,6.029743451207992e-05,2.783282147622579e-05,2.015604358507339e-05
fresh_combined_seed20261005,random_02,0.0001,False,14.147409070575936,ax2,11.324215843337385,11.32421584338411,True,False,80.67456189997029,1.7395831089582443,2.7319839975712648,4.627589030726494,11.345490759570668,14.147409070575936,12.923188648770495,12.538737447144099,5.925825720735964,8.912590402958916,0.34478128335646185,0.2657744826080626,0.016163321843580825,1.6749927109978273,1.6214674587337434,0.5423095899339643,2.8589129256307864,1.5082371731777124,5.195455376479456
fresh_combined_seed20261005,random_03,0.0001,False,15.946175517486592,ay2,0.36145062828686036,0.3614506287684605,True,False,52.26523229992017,0.00011725533227524565,1.2817375905250297,1.281783266680836,0.21545623256217938,7.098366409857226,9.769338162591088,0.16794812896201794,15.946175517486592,15.913017997184685,0.0532198631313221,0.4320784593189544,0.1442371392553774,13.836673349746377,5.972707430767327,0.3321277331153851,0.3264408790262401,0.030728678042141855,0.0086338950759699
fresh_combined_seed20261005,random_04,0.0001,True,0.00025319319829009146,d_W,9.805331629308967e-05,9.805351234075876e-05,True,True,10.424666499951854,2.7396978019567086e-09,4.6462256264589996e-10,2.003124999205852e-09,7.211601092116382e-05,3.200039147976952e-05,4.7198126178926714e-05,9.175965830721111e-06,6.189824297564428e-07,8.06477385495441e-06,3.6115049852902814e-06,2.89509437090274e-06,2.1627226505227526e-06,0.00025319319829009146,0.00024245160041891367,3.174879007694642e-06,2.535615001164615e-05,2.574487868289843e-05,0.00015312387424426532
fresh_combined_seed20261005,random_05,0.0001,True,2.4858361627799752e-05,ax3,9.850321813331675e-05,9.850330744928565e-05,True,True,10.533479999983683,2.256258291311042e-09,3.6512171064373433e-10,2.5732909136877424e-09,3.1376654696657624e-07,4.080401209805018e-06,2.4858361627799752e-05,8.67344598542985e-06,7.485580457711194e-07,4.393078318898347e-06,5.1868788819575684e-08,1.449959812216406e-07,3.5317104327692306e-06,5.811099583752366e-07,1.6437620544706988e-06,5.809334080453255e-07,5.305689789736334e-07,1.790932649070598e-06,1.6290471949953478e-05
fresh_combined_seed20261005,random_06,0.0001,True,5.8413726254258336e-05,ax2,9.925865379045717e-05,9.925871388576138e-05,True,True,5.276102500036359,2.469818127792678e-09,6.289906817613655e-09,7.281534930569933e-09,2.927707015487613e-06,5.8413726254258336e-05,6.431752064273155e-06,4.617782244697999e-06,1.2937193817563752e-05,1.4143111155107135e-05,6.479487613120227e-09,1.1327420314621861e-05,6.407663197816049e-07,3.589490547994956e-05,3.3839102457911e-05,3.1908273356862082e-06,5.863335525546631e-06,1.0668255709056496e-05,5.462289220936611e-07
fresh_combined_seed20261005,random_07,0.0001,False,30.075409596191577,ay2,17.35204478527396,17.352044815597182,True,False,124.31231249996927,0.002154491596760899,0.082669303683348,3.0255728102316675,4.9156533806170515,1.4668701208489061,9.841547958940957,6.010401784004086,30.075409596191577,3.8465806307098998,0.07388445367250362,0.12909187835917435,0.2357938913229234,9.170355360075106,10.067683535311039,2.9130281677240504,9.355240327150703,2.9383667536651403,8.176352797627866
fresh_combined_seed20261005,random_08,0.0001,True,0.00040465639304443357,d_W,9.953961568953673e-05,9.953964813044615e-05,True,True,15.110753800021484,1.9600254752560886e-09,4.494096650375923e-09,2.7044397832298728e-09,5.878683840743193e-05,0.00016332089061332766,1.138962990943071e-05,4.134442143310935e-06,1.7122390601365112e-05,7.127040946963703e-06,2.5222304738781176e-05,2.2123076999669422e-05,1.6667991997731946e-06,0.00040465639304443357,0.00012307187429883015,1.3630316676227494e-05,7.659099930279467e-05,1.14237376438453e-05,0.00024763602961443143
fresh_combined_seed20261005,random_09,0.0001,True,0.0001223649089769907,ax2,9.97434801632835e-05,9.974352666973636e-05,True,True,9.424409299972467,1.3177174906786604e-09,1.3545692345573457e-08,1.455668918737274e-09,2.6626749003000327e-05,0.0001223649089769907,7.163791288178345e-06,2.5544226343043874e-06,2.479786375886306e-05,1.3954033697416435e-06,2.3028718258988334e-06,8.878865826122961e-06,7.495781126909407e-07,3.0075478818503143e-05,2.9004629249484992e-06,6.101524531842983e-06,8.720543842599682e-07,2.3514523657119923e-06,6.507594918936377e-06
fresh_combined_seed20261005,random_00,0.001,False,0.00958217327406885,d_W,0.0009996908522964532,0.000999690877213467,True,True,24.21812029997818,4.257692975961902e-08,1.611804600898381e-08,2.8378206895496305e-08,0.001390264682152198,0.000853969443602054,0.0003609280265131076,3.1917458779284757e-06,1.1772223483128008e-05,3.252802890330031e-05,0.0003482256778228887,0.00010824410434118192,4.485155238809213e-05,0.00958217327406885,0.008036231409324301,0.0009988789750963178,0.00047818813494515666,0.005015801600613656,0.004026128721135613
fresh_combined_seed20261005,random_01,0.001,False,0.012363566922694247,d_W,0.0009510710132261124,0.000951071038490371,True,True,11.997378899948671,4.963912059174902e-09,3.013132632290194e-09,2.169490125325524e-07,0.0008683091794958742,0.0022099742634218433,0.001047606574401172,5.742801009844811e-06,0.0002174131315477723,0.00031912629135177895,0.00013079635401624934,0.0005524581985190125,0.00022492019256659113,0.012363566922694247,0.005199066591050183,0.0004454563079008267,0.0006029650535417375,0.00027800431686442195,0.00020192840870048023
fresh_combined_seed20261005,random_02,0.001,False,18.326793369189474,ay2,2.395573075124574,2.395573075195877,True,False,80.45761050004512,0.00016251488803398217,1.0229232520797804,2.732008998907332,1.7165407438759317,10.122156760328838,9.636054200469914,0.25721224678236076,18.326793369189474,2.8647390970318254,0.15521871664353815,0.2657744826080626,0.13522983975617553,12.139177909925763,6.3665858436035805,1.7889535861357508,1.4916128026137407,3.3362358510710948,2.547394630572636
fresh_combined_seed20261005,random_03,0.001,False,15.945777425375335,ay2,0.361313798402346,0.36131379888483356,True,False,44.47959640005138,0.0001176516406160566,1.2817378661136176,1.281783538314759,0.21514558457874466,7.100160098676858,9.765704036554691,0.1686572748714914,15.945777425375335,15.913385907015583,0.0532198631313221,0.4320784593189544,0.14455854035929394,13.852982236083932,5.980331734247418,0.32910667280066974,0.3237663130874715,0.019247680152435054,0.01764241132416622
fresh_combined_seed20261005,random_04,0.001,False,0.0025330985424716346,d_W,0.0009822533338947892,0.000982253530230371,True,True,9.890100999968126,2.7401922508829557e-08,4.650316576260138e-09,2.0028081748613147e-08,0.0007210899412886107,0.0003198616519961561,0.00047201671384300425,9.177263656390267e-05,6.177518955041705e-06,8.063465281438198e-05,3.611010333304243e-05,2.8874471377227096e-05,2.1628753998248484e-05,0.0025330985424716346,0.0024251488478710392,3.1745433542340606e-05,0.00025355612584121445,0.0002574426677232067,0.0015312635889528359
fresh_combined_seed20261005,random_05,0.001,True,0.00039390193967236975,bm_py,0.0009882336701423355,0.0009882349428558394,True,True,5.632606400060467,2.2573042879336924e-08,3.6719436380394654e-09,2.57213077503593e-08,3.0706034124250436e-06,4.0815678246985954e-05,0.00024834101222648286,8.674807060771172e-05,7.526262658430483e-06,4.391589089136616e-05,5.153705384675078e-07,1.4539587227524464e-06,3.510901135661548e-05,5.321598479213208e-06,1.6279815772790585e-05,5.783144807480767e-06,6.647060447306785e-05,1.776940138742411e-05,0.00039390193967236975
fresh_combined_seed20261005,random_06,0.001,True,0.000584034439029324,ax2,0.0009933468765623843,0.0009933469366660355,True,True,7.728680399945006,2.46964599881494e-08,6.29005132424254e-08,7.281717673279786e-08,2.926825673910116e-05,0.000584034439029324,6.429077428116159e-05,4.617405822049392e-05,0.00012935428168781016,0.00014143314066394908,6.523606765895806e-08,0.00011334885204661305,6.409366437809538e-06,0.00035945791987046505,0.00033859760174159703,3.190243872763787e-05,0.00011590626958124517,0.00010665767872053422,0.00048047054659483557
fresh_combined_seed20261005,random_07,0.001,False,33.990570318518515,ay2,14.73881875284178,14.738818753665655,True,False,106.33604840002954,0.5599333056582214,0.079758137205206,2.4493062598918343,10.1520666660936,3.728318186993892,20.526123426197785,21.4113189650389,33.990570318518515,7.619805614767602,0.04331722269301297,0.27639318705228777,0.24217387913465438,20.74981291853983,0.7385664646889634,0.4322229242491211,8.123053343839857,1.148941100405715,4.801352797627866
fresh_combined_seed20261005,random_08,0.001,False,0.0040473303875785405,d_W,0.0009964833896063396,0.0009964834222397413,True,True,75.37050269998144,1.9602101719584653e-08,4.494068472915558e-08,2.7042152517253726e-08,0.0005878539462296217,0.0016331559468265588,0.00011389134438921644,4.134586898274506e-05,0.00017121959589072588,7.12665058679729e-05,0.00025217205132044285,0.0002211941995267086,1.666692175250617e-05,0.0040473303875785405,0.0012312170508312903,0.00013631364275035196,0.0007659019978429882,0.00011430905357467935,0.002476302618188417
fresh_combined_seed20261005,random_09,0.001,False,0.0012236236098353004,ax2,0.00099756293287534,0.0009975629794867402,True,True,3.623575400095433,1.3177955393572915e-08,1.3545405430637203e-07,1.4557062000264409e-08,0.00026626344929070456,0.0012236236098353004,7.163762841422283e-05,2.554607866755987e-05,0.00024797300430368097,1.3956345906507295e-05,2.3028543109093746e-05,8.878526499800365e-05,7.496122415462381e-06,0.00030077669056538525,2.899257198674121e-05,6.101375639744333e-05,8.718866171264494e-06,2.3511687808897008e-05,6.507318867132739e-05
fresh_combined_seed20261005,random_00,0.01,False,0.09583148775112704,d_W,0.009971318694454112,0.009971318757278037,True,True,21.77840150007978,4.263758071054724e-07,1.6134630786979187e-07,2.8435556798100947e-07,0.013920942379459733,0.008550646713680443,0.0036128728069719784,3.014230787257155e-05,0.00011839812990584175,0.0003242377688161824,0.0035143021616106385,0.0010815994654491679,0.00044817909213468177,0.09583148775112704,0.08037883458423778,0.009983232474759518,0.014093957715793692,0.050145321483939576,0.06651336249688455
fresh_combined_seed20261005,random_01,0.01,False,0.12377331345295062,d_W,0.009569752041159063,0.009569752066351458,True,True,8.67634830006864,4.9221050235637165e-08,3.2109995107276745e-08,2.169177128141797e-06,0.008646004061880319,0.02226319835096424,0.010518822259408367,5.662352306323726e-05,0.0021795641998334503,0.0031916032246250836,0.001302663609782817,0.005505934641690802,0.002257714746777495,0.12377331345295062,0.05201292383875433,0.004440035586050328,0.0060287676537349455,0.0027476717115746396,0.0020559974053395713
fresh_combined_seed20261005,random_02,0.01,False,14.172185370149368,ax2,11.323465868922924,11.323465868969775,True,False,91.88624799996614,1.7392141068524622,2.731766513059428,4.627640986686776,11.354780277950585,14.172185370149368,12.930572177058332,12.538737447144099,6.4846366505024795,8.74940862226708,0.34478128335646185,0.2657744826080626,0.016019066419206363,1.6647764915408345,1.6214674587337434,0.5424864606211788,2.8589129256307864,1.5082371731777124,5.195455376479456
fresh_combined_seed20261005,random_03,0.01,False,0.0018110806159472581,bm_px,0.009924482435764048,0.00992448249114318,True,True,9.271582700079307,7.445857819199375e-08,1.1748819694901158e-07,1.3717404434565594e-09,0.00020750071182362717,0.00029286536594952395,0.0002347921643934825,0.00031857883608754634,6.812540909173492e-06,2.8061229251363784e-06,3.5283193897894805e-05,9.686233824357515e-06,1.0094711341279705e-05,0.0007744861247260815,0.001444422041366522,0.00027794502098288376,0.00042591716955797665,0.0018110806159472581,0.0004568251042069704
fresh_combined_seed20261005,random_04,0.01,False,0.025305451183328387,d_W,0.009803421688509673,0.00980342249173837,True,True,8.723576799966395,2.740117639454809e-07,4.654428531480903e-08,2.002883033869196e-07,0.00721276841102636,0.003201196015978347,0.004718808724561541,0.0009178880592326522,6.179236225989371e-05,0.0008063889658007639,0.0003614315498634557,0.0002897882780621419,0.00021627442962701693,0.025305451183328387,0.024243433659806968,0.000317345733301444,0.00181812667493908,0.00257475228865911,0.012869097828598797
fresh_combined_seed20261005,random_05,0.01,False,0.0024863063266167273,ax3,0.009848552427556001,0.009848552561718354,True,True,8.480168499983847,2.2560121115677845e-07,3.6459921304299314e-08,2.573514432668844e-07,3.15703734941053e-05,0.0004080795947238869,0.0024863063266167273,0.0008673160165155736,7.47545969677077e-05,0.0004393374870295119,5.197000663370588e-06,1.4493725281727876e-05,0.0003536174677110093,5.912593232437757e-05,0.00016461261936484561,5.818206509999868e-05,5.3152584630566935e-05,0.00017952084339678542,0.001628492533829351
fresh_combined_seed20261005,random_06,0.01,False,0.005845479038619317,ax2,0.009925001235515651,0.00992500140426848,True,True,4.591971599962562,2.470287565614626e-07,6.288968341650047e-07,7.280503886430978e-07,0.00029311102359130814,0.005845479038619317,0.0006442522065892575,0.0004618832526117611,0.0012943698884608779,0.0014141602384132312,6.381512949182877e-07,0.001130552319624556,6.403122415976625e-05,0.003569412616457157,0.003375483700366555,0.00031925328393489494,0.0005864525183607583,0.0010675552885102135,5.3434150062203756e-05
fresh_combined_seed20261005,random_07,0.01,False,7.762396670077031,d_W,11.070447590926449,11.070447685675552,True,False,72.61280770006124,4.237157891257004e-05,0.0022764823499056702,1.3703533532512593,2.500663918444367,0.21225377613451712,3.861945066982684,0.5494360927360464,3.137544344125745,6.054586479210652,0.13148860154561337,0.004107997969628796,0.22110460316264757,7.762396670077031,0.8794844334389644,0.00104458751707881,0.9567648076275219,2.9373901911651403,2.6505114455359853
fresh_combined_seed20261005,random_08,0.01,False,0.04101480548172276,d_W,0.00995275341127666,0.009952753443809874,True,True,22.438655900070444,1.9417284402578616e-07,4.457627063025882e-07,2.6966309718545745e-07,0.005888015817113512,0.01631807521635409,0.0011680040464323582,0.0004109213506566789,0.0017059369009153613,0.0007100677685747403,0.002535998293055508,0.0022004109456563725,0.00016951960833511137,0.04101480548172276,0.012717371992824411,0.0013763837459848105,0.007646832205597143,0.0012256086774529162,0.02470587236020741
fresh_combined_seed20261005,random_09,0.01,False,0.012234155233354471,ax2,0.009988434432514737,0.009988434479010308,True,True,10.129630199982785,1.3187481329168804e-07,1.3543289257844648e-06,1.4563016725865907e-07,0.002662255774438904,0.012234155233354471,0.0007163537746723847,0.0002556756592859699,0.0024793005709362603,0.00013985305034269757,0.00023027149732568475,0.0008875450943044427,7.49909465194154e-05,0.003009587199962027,0.00028897493456092604,0.0006099894068256617,8.705009337361957e-05,0.00023480673758480286,0.0006504427294951043
