case_id,status,wall_s,mse,max_native_error,physical_guards_pass,N1,N2,N3,ax1,ax2,ax3,ay1,ay2,ay3,ng1,ng2,ng3,d_W,gap,bm_ax,bm_ay,bm_px,bm_py
moderate_unsorted,returned,3.386954399989918,3.312254948539484e-23,8.553598718208377e-09,True,1.5543122344752192e-15,8.881784197001252e-16,3.4416913763379853e-15,1.20534693337504e-11,2.3219648426220374e-11,5.212563713996587e-10,9.534595335480844e-13,2.20001794559721e-12,6.078693104427657e-12,3.4086067302041556e-12,1.6783907597073267e-11,7.041744964908503e-11,8.553598718208377e-09,4.551153232057459e-09,3.047562202596055e-11,1.8606005625088073e-11,1.0673961714502411e-10,6.619194081736168e-11
random_00,returned,9.558534699957818,0.0266983927637232,9.229013641373268,True,0.25858963453503314,0.25865069006209573,3.973835639303758e-05,5.27284804612294,8.353159257225547,1.0168082302430541,1.3363844557485063,1.511654095191875,0.06530732163280817,0.15177071049319957,0.12342008425770712,0.10691821322393946,4.369174882239946,9.229013641373268,0.0018132416070184565,0.04575294122553508,0.3845224379190607,2.3570859511928477
random_01,returned,30.25736499996856,0.865115547622553,27.538561828239786,True,4.580592388192571,5.172723272447015,0.5922232223763058,27.538561828239786,0.6876048610406027,25.10730356096443,2.7018828637712122,23.46704982628355,26.581181163720757,0.3001205380566099,0.06925365723481813,0.12860645951724625,13.143821341015894,3.291444509539111,0.02263697634057138,0.05294951462310138,2.7606272184069534,1.3103267228091195
random_02,returned,6.678999900002964,0.035643108332411806,28.698877578533953,True,5.775972800395426,0.3325449889010961,5.443400381562242,5.82405316816795,1.2191799724101369,8.22520457634712,8.673483670815129,10.684323015389628,19.422434372459144,0.3300992266677112,0.07988616649212599,0.01724698544607106,28.698877578533953,12.453293217945486,0.08778559604421687,0.1326539917138927,0.5662414702987992,0.5105056425908087
random_03,returned,13.786262699984945,49.74725382260031,24.151758138813044,True,6.625877298295617,2.2233262325623815,4.430454631813321,5.150016373407221,12.301020353865638,0.296435904248181,24.151758138813044,16.0865846895802,7.225927303702644,0.2011345122008994,0.34213534497549003,0.40219627133213476,13.5073209906313,1.619803503066358,1.5171080358321327,1.2806696102436241,3.6316435729967997,7.428842588439528
random_04,returned,17.86627060000319,0.010897408216486812,22.120540942251605,True,3.4348749419719815,1.9110943964515286,1.5236121411548504,1.7135054258192222,20.19019540768927,17.891132098737764,5.096489033607625,22.120540942251605,16.760255822261374,0.29981910980245496,0.03424714490204295,0.3316886936979293,9.914446494503295,9.358259311960902,0.4335460205746404,0.3821652926728163,3.84493828837496,5.288774946945668
random_05,returned,43.93148889997974,0.0021781560455690894,15.02297803891779,True,1.243874489778522,1.973798309862218e-05,1.243950011469122,15.02297803891779,0.11021466472483432,14.17992106408282,8.295553991436545,0.01847855859747953,8.08664984594451,0.28347420817611013,0.017003456371878167,0.4393376406456524,8.88229571868412,5.909410905761931,0.007881077262245295,0.009180887655041658,0.08718110792009598,0.557702103975239
random_06,returned,19.00060220004525,1.198449695310922e-05,11.814568643131114,True,5.222298998725732,0.19158781289194637,5.030712678746575,3.403230957497863,8.29760010920964,4.9798001786094765,1.277041202948757,10.541440728602906,11.814568643131114,0.293031891856834,0.20553059262798468,0.1462284603223991,6.238386510848159,1.3459219265506612,0.031163582897085984,0.0415033211558562,0.1312184560084878,0.5159332134704504
random_07,returned,10.429573699948378,0.5609832800390295,24.233863439391747,True,0.37210010063977816,0.202681028724345,0.5754073693332163,24.233863439391747,13.931781874720695,8.614011001215633,6.5756238773984625,12.978835485494095,7.662500865239046,0.14565320488635147,0.12311546805485207,0.1840228994034916,2.5554279479362236,11.953976522997761,0.08190258709769438,0.5811122268866935,9.222124422339153,0.7271535119684112
