case_id,eta,noise_kind,status,N1,N2,N3,ax1,ax2,ax3,ay1,ay2,ay3,ng1,ng2,ng3,d_W,gap,bm_ax,bm_ay,bm_px,bm_py
moderate_unsorted,1e-08,fixed_uniform,returned,1.1352696560607e-11,4.865219338512361e-12,1.0145995155141918e-11,1.670820113375271e-07,1.0010890783007653e-08,9.756355945356177e-08,2.323023151618031e-08,1.2922701131401482e-08,1.9240625093175368e-08,1.8950333524614393e-08,4.065370262651413e-10,2.4145210275605677e-08,8.898247472188814e-08,5.090648871330927e-07,3.2724484455570746e-08,5.64813187331481e-08,3.099812551088377e-08,1.0418001927803289e-07
moderate_unsorted,1e-08,linear_worst_d_W,returned,1.8630430531629827e-11,1.3413714583521141e-12,1.4150403071511164e-11,5.469124113588464e-07,5.216432228394297e-07,2.1112409487322736e-06,1.0281223428165731e-08,6.481616132703039e-09,1.1603455973840937e-08,1.2406818594712377e-07,4.4815912469964303e-07,1.2777467730540337e-06,0.00011997444821076897,5.0855501028124195e-05,2.7724287576802453e-07,1.3930985276466856e-07,3.9474093505020846e-07,3.7493454274617477e-07
moderate_unsorted,1e-08,linear_worst_gap,returned,1.5518475393605513e-11,7.571054894128793e-12,1.4357348643301293e-11,8.189372868727673e-07,8.437679035466772e-07,2.688422509944388e-06,1.4824655281131527e-08,2.527771769678111e-09,8.69806804359996e-09,9.503236997332465e-08,4.3750577316536976e-07,1.361391888998753e-06,0.00011135093399161633,5.418008808710795e-05,3.3343339778113545e-07,2.163533872057144e-07,5.411446268865916e-07,3.4540145266159783e-07
moderate_unsorted,1e-08,linear_worst_ax3,returned,1.0876188838437884e-11,1.2079448552526628e-11,1.689220985312545e-11,3.725675092880465e-07,9.885193552605642e-07,6.0847026430721485e-06,3.5329925651694793e-09,2.9364439768642114e-09,3.226888445340137e-08,2.8751825587036706e-08,2.757191124302949e-07,1.7603960997814028e-06,4.6261676331482704e-05,2.5141737104661388e-05,2.1021064133819323e-07,1.9450733712567114e-07,5.981899878770847e-07,5.311499032822908e-07
moderate_unsorted,1e-06,fixed_uniform,returned,1.1272363042991174e-09,4.906418604733176e-10,1.0234651459661848e-09,1.8653549217262366e-05,6.645248458170272e-07,7.464311039484528e-06,2.3190645830339918e-06,1.2892003082853876e-06,1.936841144356549e-06,2.0608489998963364e-06,9.607545803369533e-08,1.8297261219490935e-06,3.6334448907382466e-06,4.546828011164905e-05,3.4603721759118855e-06,5.845544197802255e-06,3.796930235666629e-06,1.1058105951144981e-05
moderate_unsorted,1e-06,linear_worst_d_W,returned,1.8596622020083942e-09,1.2926493209164391e-10,1.4178768159567312e-09,5.453880736538963e-05,5.223458633185629e-05,0.00021037708241822273,1.023422091961379e-06,6.550663158577663e-07,1.1560137185284702e-06,1.2401133599793113e-05,4.475178775353861e-05,0.00012738490631591937,0.011967335262212941,0.005069035977034453,2.758360507915114e-05,1.3781503713339305e-05,3.9942765709288786e-05,3.794106184873414e-05
moderate_unsorted,1e-06,linear_worst_gap,returned,1.5845162959493564e-09,7.503767607275336e-10,1.4630187616937462e-09,8.127353095233047e-05,8.342177349751623e-05,0.0002617585377207021,1.508242255532366e-06,2.7632262522558904e-07,9.028992131732139e-07,9.503193769688778e-06,4.369723917907464e-05,0.00013459693149986407,0.01115733403648278,0.005420143955088719,3.3279111316453225e-05,2.146418812420947e-05,5.3113279987082596e-05,3.356027595247113e-05
moderate_unsorted,1e-06,linear_worst_ax3,returned,1.107360425578463e-09,1.2133134497105402e-09,1.700856455677524e-09,3.909654084743863e-05,9.941468236984718e-05,0.0006120767511927916,3.299098616516005e-07,3.002622577241709e-07,3.2431302852131694e-06,3.03197130047117e-06,2.7650830917158586e-05,0.00017687205346983426,0.004626505807422632,0.0025171901079223957,2.1140564137489548e-05,1.9625709658299684e-05,6.033684602546607e-05,5.369236196794969e-05
moderate_unsorted,0.0001,fixed_uniform,returned,1.1310431102806717e-07,4.917390483694106e-08,1.017237669653781e-07,0.0020218511461305155,0.00011164149989895122,0.0006639069993585878,0.00023198109847433201,0.00012929617371337798,0.00019337663328400367,0.0002249219195731289,5.1245306006864055e-05,0.00013715987705165134,0.0036926578356002437,0.003045816501018095,0.000365612397606796,0.0005980686296771509,0.00036497110481165107,0.0010971832561312844
moderate_unsorted,0.0001,linear_worst_d_W,returned,1.84739197051087e-07,1.4061634190376537e-08,1.4076027105014433e-07,0.005519379175500383,0.005187740275849784,0.02092896493012608,0.00010088276260189488,6.435153696848772e-05,0.00011737162228087072,0.0012415808785486426,0.004457191116790771,0.012584159388953076,1.202945879994914,0.5102885473303163,0.002769945999153922,0.001392899160464589,0.003924163570488526,0.0037319013299826898
moderate_unsorted,0.0001,linear_worst_gap,returned,1.589848923622128e-07,7.37319064691988e-08,1.4633520328821703e-07,0.008105275961979963,0.008312706698636596,0.026126133356692005,0.00015159179919610466,2.6716430909345945e-05,9.089694538566562e-05,0.0009504368807085051,0.004365436552209223,0.013576589704025865,1.1066407588756846,0.5373764937804424,0.003308468996455982,0.0021350115865148567,0.0052527086726594785,0.00332084851032588
moderate_unsorted,0.0001,linear_worst_ax3,returned,1.1092674445656314e-07,1.2138409177797627e-07,1.6998403440382504e-07,0.0038657522716114556,0.009867437545349134,0.061012447012862125,3.2740847898615755e-05,3.0973038940729225e-05,0.0003238282677031634,0.00029518960900132285,0.002737537529717615,0.017271378542199622,0.46121169202451995,0.2513689962790986,0.0021136995299371186,0.001966492138217202,0.006085693212178722,0.005413830164284095
moderate_unsorted,0.001,fixed_uniform,returned,1.143516389134902e-06,4.92455802247882e-07,1.0085483662103378e-06,0.01638747528667217,0.0008621841994473911,0.00788617439400241,0.0023437322704702446,0.001294384381031577,0.001909731561921646,0.001836217533048412,0.00045740813714800765,0.001628426783809811,0.04419138559042324,0.02060763706600266,0.003531976139354409,0.005889006832448418,0.004061970776022494,0.01122934452308999
moderate_unsorted,0.001,linear_worst_gap,returned,1.8062712285882299e-06,4.961144371984361e-07,1.6206514712457931e-06,0.06454070529000422,0.05518988660129276,0.08491773542347536,0.0016964148378635358,0.00047059964287399225,0.0013353801241198227,0.007431330043518702,0.03245427243617849,0.07999999641233058,8.268494183305421,4.019984027712324,0.02441769533677718,0.014518333643880332,0.04039777587380167,0.022579761718396596
moderate_unsorted,0.001,linear_worst_d_W,returned,1.7365121374179893e-06,1.1728407633970761e-07,1.3104430636179387e-06,0.04450887060867892,0.02948375489616417,0.15157046104226302,0.0008961392171804583,0.0005763714674413833,0.0012688437408421294,0.010798896498899868,0.0369925000375535,0.09740626695534083,11.298015139706933,4.781934052181237,0.023876815752084557,0.011433826631790822,0.041249003771226866,0.0386553853995083
moderate_unsorted,0.001,linear_worst_ax3,returned,1.0988650263055177e-06,1.1852966325109904e-06,1.679457267977913e-06,0.041577829868580274,0.09296321444513733,0.5772835221994801,0.0003214644851028403,0.0003669039339593283,0.0031998698953472626,0.0029921977506683906,0.024711215591308733,0.13859048728384593,4.271679387923228,2.3595558814414543,0.02021322593097441,0.019105723355263393,0.061627286850510554,0.054769083672807084
random_00,1e-08,linear_worst_d_W,returned,6.306066779870889e-14,3.3217872896784684e-13,2.65898414397725e-12,1.3232389406425682e-07,1.2036965202355532e-07,2.475427951509346e-07,9.679044232768774e-10,3.6654279611525453e-10,4.9350283859439514e-09,5.748011844275425e-09,1.374002467358082e-08,4.750465221192712e-08,6.189915893628495e-06,3.1748639912621e-06,2.3477555455286847e-09,2.2691171608357763e-08,9.007223744639248e-09,9.672802692151095e-08
random_00,1e-08,fixed_uniform,returned,8.65529869997772e-13,3.694822225952521e-13,1.1646239528317892e-12,1.7126572160464093e-08,6.204182056990248e-09,1.0428834684717003e-08,1.5292238586539497e-09,9.80919789839163e-10,6.935358953796822e-10,5.236093780780493e-10,4.673244013986277e-10,2.01727301529786e-09,2.5934161840268644e-07,1.8912466437370767e-07,1.963039508723341e-09,1.462469256807708e-09,1.0496737701259917e-08,2.4556996880420456e-08
random_00,1e-08,linear_worst_gap,returned,7.109868249699502e-13,4.565237077258644e-13,2.7255975254547593e-12,1.407737837411105e-07,1.1721445858370316e-07,2.5066271547302676e-07,1.347858491484999e-09,1.6351613396636822e-09,5.856325202557855e-09,5.496336275001568e-09,1.2935327697860544e-08,4.739250281105001e-08,6.04997066488977e-06,3.2652457946369395e-06,6.4187901660517355e-09,2.6722547730173574e-08,3.3903546414748575e-08,1.6802985181030294e-07
random_00,1e-08,linear_worst_ax3,returned,1.4521717162097048e-13,6.044054146059352e-13,4.660716257376407e-13,8.167892495691831e-08,8.943974272312971e-08,4.751566038407873e-07,5.580180761910469e-11,1.4426393413202732e-09,5.473026476465748e-10,4.065909831041381e-09,9.399143463539872e-09,6.26268341630265e-08,3.710483667873632e-06,1.80536416571897e-06,6.220093773379176e-09,2.0716273141374586e-08,1.8656107658721055e-08,3.949837834582581e-08
random_00,1e-06,fixed_uniform,returned,8.657430328185001e-11,3.695843631135176e-11,1.1641199115786094e-10,1.713233839240047e-06,6.197724857770481e-07,1.0405458779061405e-06,1.5306598122322157e-07,9.805568090826e-08,6.937821694918966e-08,5.23921397377336e-08,4.668281272657282e-08,2.0141200773871049e-07,2.5914286766237637e-05,1.8900794533038834e-05,1.958789759282098e-07,1.4599569198026074e-07,1.0478199123920007e-06,2.454170215049345e-06
random_00,1e-06,linear_worst_d_W,returned,6.056932733145004e-12,3.327604858327504e-11,2.658477882278021e-10,1.3231336749797151e-05,1.203733852683797e-05,2.4755769548079343e-05,9.633593789359907e-08,3.672376536201227e-08,4.93531697287608e-07,5.747456062188405e-07,1.3740633546532877e-06,4.750725373314779e-06,0.000619028417474965,0.0003175074406076561,2.353497348117628e-07,2.2691061758450815e-06,9.031842956863656e-07,9.673593960979332e-06
random_00,1e-06,linear_worst_gap,returned,7.125056100676375e-11,4.565325895100614e-11,2.7266122692992667e-10,1.4077586508065565e-05,1.1722675305136931e-05,2.5069154382606484e-05,1.3520701269698066e-07,1.634980946185749e-07,5.857564744360388e-07,5.496339745558743e-07,1.2936607647340281e-06,4.739778958651186e-06,0.0006050548759901631,0.00032655612955956315,6.427284513499387e-07,2.672605436515596e-06,3.3941108357193883e-06,1.6805077378556632e-05
random_00,1e-06,linear_worst_ax3,returned,1.4387158131512479e-11,6.039568845039867e-11,4.663536223858955e-11,8.171336435935928e-06,8.94290392317032e-06,4.751310196304814e-05,5.771917832575468e-09,1.4427528949312318e-07,5.461635055326042e-08,4.0674821355501933e-07,9.397852049897182e-07,6.262149365054981e-06,0.0003709862265282027,0.00018050345453879402,6.218960901804849e-07,2.0713522754789437e-06,1.8650913232720612e-06,3.948125305353045e-06
random_00,0.0001,fixed_uniform,returned,8.661190431524801e-09,3.6949932002983132e-09,1.1641536845630185e-08,0.00017112108907824108,6.193963128531266e-05,0.00010408734833688982,1.5315857254671883e-05,9.803325988766431e-06,6.938319803140303e-06,5.229593410538413e-06,4.664721904745761e-06,2.0140343977681496e-05,0.00259033439320433,0.0018896814592235245,1.9615342352397036e-05,1.4597811141214834e-05,0.00010490368900839542,0.00024546933596569787
random_00,0.0001,linear_worst_d_W,returned,6.18865847457073e-10,3.3231080109885625e-09,2.658873099470327e-08,0.0013232103857081512,0.0012032149826719518,0.002473866400023006,9.6642551696835e-06,3.6622515851014725e-06,4.9362446553402606e-05,5.746791842420329e-05,0.00013734936296261324,0.00047461409547677746,0.06189644833253283,0.03174796930741586,2.3463758615616115e-05,0.00022684492547142554,9.006086786633727e-05,0.0009673200000568372
random_00,0.0001,linear_worst_gap,returned,7.111703226314603e-09,4.571280243226283e-09,2.7267645918982453e-08,0.0014074617457779937,0.001172440372853245,0.002507488236873634,1.3488346937151618e-05,1.636308974406475e-05,5.857995682134742e-05,5.495964223278804e-05,0.00012939015725565994,0.0004742805831710051,0.060501366071861185,0.0326532186188313,6.42450674701589e-05,0.00026725293335516653,0.00033928154729068183,0.0016803640784512908
random_00,0.0001,linear_worst_ax3,returned,1.426728957198975e-09,6.041350086860575e-09,4.662315866710287e-09,0.000817110057340642,0.0008941013796750497,0.004750756137696932,6.062853803445734e-07,1.4432089743277032e-05,5.460370132936987e-06,4.0669188025921343e-05,9.395552787938577e-05,0.0006256563183710817,0.0370968114927166,0.018049626915050965,6.215263959319373e-05,0.00020710926224865034,0.00018637829212508894,0.000394833656331528
random_00,0.001,fixed_uniform,returned,8.66294236345766e-08,3.694368588824659e-08,1.164156593347343e-07,0.0017144934554185198,0.0006189715694766562,0.0010377863056518777,0.00015320484805125822,9.801469914272332e-05,6.938799914379956e-05,5.243145235822588e-05,4.659896938363772e-05,0.000200972350814288,0.025884069526199482,0.018886864956714433,0.00019582803341045008,0.0001458899323019125,0.0010476594981237985,0.0024542300965624264
random_00,0.001,linear_worst_d_W,returned,6.1985097055128335e-09,3.319544061852753e-08,2.6598666180710495e-07,0.0132145028759183,0.012005495276056877,0.02466431794149937,9.660742753214713e-05,3.655487949139058e-05,0.0004937408453642433,0.0005730786515976138,0.0013702519206930663,0.004715591981212519,0.6190918267973871,0.3175707583857932,0.00023462565934262436,0.002266449163169426,0.0009025909731985582,0.009678596596258249
random_00,0.001,linear_worst_gap,returned,7.107742083789503e-08,4.5638748780163496e-08,2.725819736593138e-07,0.014084917616829173,0.011750681976776534,0.025148662308780878,0.00013471146728316619,0.0001634619178769725,0.0005856549608012074,0.0005509011923410245,0.0012970306130144493,0.004774002947138811,0.6049888875030263,0.32649226918142205,0.0006429730700985292,0.0026747544191394468,0.003393246937486216,0.01680062718272879
random_00,0.001,linear_worst_ax3,returned,1.4515627366762374e-08,6.047814871124046e-08,4.647537399371515e-08,0.008155764975491309,0.008913295236196106,0.04742427445016606,5.479663164109638e-06,0.0001444370256340477,5.435440437295824e-05,0.0004055065935650859,0.0009364122735810998,0.006201511569911888,0.37041829605848875,0.18025673947266263,0.0006207814111078847,0.0020671862950827347,0.0018639522295359479,0.003952662478577285
random_01,1e-08,fixed_uniform,returned,7.096545573404001e-13,1.2252421299763228e-12,6.092903959142859e-13,9.52942613707819e-10,6.340764358014894e-09,5.451912699072636e-09,6.70949518166708e-10,1.8155734693436898e-09,1.1665104437952323e-09,5.578049133703189e-11,3.0184188481996443e-10,3.64802854591062e-10,9.99523308564676e-09,5.805516956058909e-09,1.6197496677250456e-09,1.168617203006761e-09,6.333023883087208e-09,4.641092843371553e-09
random_01,1e-08,linear_worst_d_W,returned,7.767120280277595e-13,8.637535131583718e-13,4.156675004196586e-13,4.870914338539478e-09,3.180677587977243e-08,5.298558569677425e-08,4.748965665157812e-10,1.5482513049391855e-09,3.3785862996182914e-09,1.2819234562755355e-10,2.1845778519491432e-09,5.273224079616057e-09,4.725682174466783e-07,2.600753337134165e-07,6.973714050673152e-09,6.2467133687960086e-09,3.6168000150382795e-08,2.570517221300861e-08
random_01,1e-08,linear_worst_gap,returned,1.2718714970105793e-12,4.805045250577678e-13,8.819611707622244e-13,5.136779890335674e-10,2.7378233014019315e-08,4.7667423785924257e-08,1.0086598223324472e-09,3.79872666655956e-09,1.2354117728818892e-09,3.1652303000839765e-10,1.87907422954936e-09,4.864195490839052e-09,4.5630559952769545e-07,2.694309246820126e-07,8.72161720621989e-09,8.124251493768497e-09,5.986065909624472e-08,3.8864396145754654e-08
random_01,1e-08,linear_worst_bm_px,returned,2.220446049250313e-15,1.212363542890671e-12,8.628653347386717e-13,1.153230400063876e-09,5.483098419745147e-09,1.8887970298919754e-08,1.1628724649881406e-09,1.103510172129063e-09,2.8292230780380123e-09,7.789187073115045e-10,1.7889112413627117e-10,1.6764627464027626e-09,1.5007401543698506e-07,1.385374863716038e-07,1.444991681864849e-08,1.3648513430553066e-08,1.0522035953641762e-07,7.137180890737227e-08
random_01,1e-06,fixed_uniform,returned,7.101497168093829e-11,1.2244472102906911e-10,6.09992056865849e-11,9.52262642073265e-08,6.34105242980354e-07,5.453766895868739e-07,6.71012454489528e-08,1.8150243263903576e-07,1.1671121136203055e-07,5.574064987357019e-09,3.0186019461808655e-08,3.649417879003636e-08,9.998932171129127e-07,5.806065903612989e-07,1.6198718100213227e-07,1.1683903089476644e-07,6.332579256529414e-07,4.638191652972523e-07
random_01,1e-06,linear_worst_d_W,returned,7.771272514389693e-11,8.632339287828472e-11,4.1486369894983e-11,4.873855967701957e-07,3.180827341964232e-06,5.29853828901139e-06,4.751414195425241e-08,1.5488553906095603e-07,3.379658846114353e-07,1.2839923124730035e-08,2.184651461956122e-07,5.273184766618755e-07,4.7256595536282475e-05,2.6007221097579247e-05,6.97389115345004e-07,6.247434356509984e-07,3.616642463732944e-06,2.570831391324191e-06
random_01,1e-06,linear_worst_bm_px,returned,2.446931546273845e-13,1.212168143638337e-10,8.636247272875153e-11,1.1533693999865591e-07,5.48329648353274e-07,1.8888489226043248e-06,1.1622387141585477e-07,1.1034853564240166e-07,2.830289869137914e-07,7.789130451740789e-08,1.788953807313476e-08,1.676470433586985e-07,1.5006770894387955e-05,1.3853239995142985e-05,1.4449852052678125e-06,1.3648139240984847e-06,1.0521879075575669e-05,7.1369002618837385e-06
random_01,1e-06,linear_worst_gap,returned,1.2717138453410826e-10,4.806421927128213e-11,8.830092212974705e-11,5.125463609090275e-08,2.737499324112491e-06,4.7664562057292414e-06,1.0084453982983632e-07,3.7994421120401967e-07,1.2341362065626527e-07,3.1659149080098814e-08,1.8788949440740055e-07,4.863959839340737e-07,4.562870293511878e-05,2.6942135741059303e-05,8.720894726366168e-07,8.123060695197637e-07,5.9858546892499476e-06,3.885921372237533e-06
random_01,0.0001,linear_worst_d_W,returned,7.77067632462547e-09,8.631421799520922e-09,4.148670296189039e-09,4.872615640927336e-05,0.0003180706205991868,0.0005298345358770717,4.749360446254514e-06,1.549143851242718e-05,3.379715366058633e-05,1.2829644535639062e-06,2.1845346585891434e-05,5.27280044753109e-05,0.004725736080018805,0.0026007869891824242,6.973877280458396e-05,6.247676144965908e-05,0.0003616866103883787,0.00025710107811338645
random_01,0.0001,fixed_uniform,returned,7.101736088088728e-09,1.2245359837237402e-08,6.100399740915918e-09,9.521021860692258e-06,6.340791224523912e-05,5.453475335670532e-05,6.710819267397028e-06,1.8152599984944118e-05,1.1672209701885095e-05,5.572435526346453e-07,3.0184759409745965e-06,3.6492779829089272e-06,9.999383217973445e-05,5.8069146515293824e-05,1.6198913897369493e-05,1.1684489457763902e-05,6.33320754404032e-05,4.638609931006954e-05
random_01,0.0001,linear_worst_gap,returned,1.2717049191479646e-08,4.80737760710781e-09,8.829769360119144e-09,5.118315158370024e-06,0.0002737743205099008,0.00047667382909821754,1.0084516759434337e-05,3.799659330283589e-05,1.2341078074129541e-05,3.1663280330995747e-06,1.8790710532901045e-05,4.864417387473452e-05,0.0045629469700827485,0.002694250152646127,8.721125809074692e-05,8.123231295975586e-05,0.0005985915486768079,0.00038859732283480497
random_01,0.0001,linear_worst_bm_px,returned,2.3892665623748144e-11,1.212176936604692e-08,8.63649418647583e-09,1.1536877783768773e-05,5.483784171289585e-05,0.00018889442064917716,1.1623966573282019e-05,1.103527002754845e-05,2.8303140762631074e-05,7.789388185797108e-06,1.7892828161336638e-06,1.676595820576665e-05,0.001500762330977068,0.0013853771183809371,0.00014450022086975878,0.00013648280485867303,0.0010522054326718155,0.0007137004326462915
random_01,0.001,fixed_uniform,returned,7.101419363664263e-08,1.2244858194065955e-07,6.100196436875649e-08,9.522440569575963e-05,0.0006341275611738695,0.000545421195017326,6.709889582801054e-05,0.0001815116546488582,0.00011671516583611208,5.573827158711353e-06,3.0188924930563132e-05,3.6499815164070526e-05,0.0010001785114184258,0.0005807629653826751,0.0001619950684670357,0.00011684697171610026,0.0006332924078553681,0.0004638476000016212
random_01,0.001,linear_worst_d_W,returned,7.770083798597227e-08,8.633875525632106e-08,4.1487095536751895e-08,0.0004870454784740019,0.003180214006707871,0.005296846856879256,4.748295495105026e-05,0.00015487848917494773,0.00033797680386982165,1.2813730527527767e-05,0.00021837325257068052,0.0005269179347195951,0.04725766580548907,0.026008383077785524,0.0006972987413043086,0.0006246850331361742,0.0036168350027643292,0.002570826509282753
random_01,0.001,linear_worst_gap,returned,1.27181706943702e-07,4.806946263258283e-08,8.829356046291537e-08,5.1390187834954304e-05,0.002738169166283555,0.00476817563768428,0.00010087071635211942,0.0003799359081835263,0.0001234165502612683,3.1647701963954944e-05,0.00018796936519183127,0.00048675922868501864,0.04562910975457157,0.026941943259370937,0.0008721953989514475,0.00081241112075503,0.00598597522900457,0.0038862279747329254
random_01,0.001,linear_worst_bm_px,returned,2.391657982769857e-10,1.212206419687334e-07,8.636815529428077e-08,0.00011516301947445129,0.0005485785470558113,0.0018893619475957024,0.00011623684576989035,0.00011035237510625961,0.00028304007082624594,7.787996628616511e-05,1.790219351494038e-05,0.00016771698470230412,0.015008871676712943,0.013854445382769143,0.001445138268881152,0.0013650045476758521,0.010522896160545248,0.007137891672240215
random_02,1e-08,fixed_uniform,returned,9.130474154517287e-13,9.29478716216181e-13,4.760636329592671e-13,7.378652355782833e-09,8.003555151958608e-09,2.2302923952111087e-08,2.880057969889549e-09,1.8033503579317767e-09,1.4481056354043176e-09,5.20642418067041e-10,7.148359681963257e-10,2.158908829485995e-09,6.071536517993081e-08,1.2140505489810494e-08,2.3358204259693593e-09,2.5344704113194894e-10,1.4608447784780765e-08,9.366706410496306e-09
random_02,1e-08,linear_worst_d_W,returned,6.195044477408373e-13,2.4868995751603507e-14,3.526068326209497e-12,5.737321728815914e-08,1.5923226470704321e-07,3.0701342179639823e-07,2.6541124853451947e-09,1.354063527969629e-10,1.0961510810147956e-08,2.3977722030110726e-09,1.4828905436914397e-08,3.8078471042979345e-08,2.152238309349741e-06,1.1005620610404776e-06,2.479118244025358e-08,2.759896311488319e-08,5.923110890648786e-08,6.759661363986424e-08
random_02,1e-08,linear_worst_gap,returned,8.881784197001252e-16,9.201528428093297e-13,5.2660098504020425e-12,5.0186972799792784e-08,1.5018510701736432e-07,2.9138660462280086e-07,4.573728062950977e-10,1.3925962605298992e-09,1.619633316352065e-08,1.8169523663402742e-09,1.4118039848298736e-08,3.672312498537167e-08,2.1317580944923975e-06,1.1165480557906449e-06,2.7870665775253656e-08,3.0399746719922405e-08,7.876871066514468e-08,8.714873300785797e-08
random_02,1e-08,linear_worst_ax3,returned,1.496580637194711e-13,1.06314956838105e-12,6.80788758700146e-12,4.5774289247901834e-08,1.4818059135279782e-07,4.214026922966241e-07,1.220223921905017e-11,4.958206289984446e-09,8.659073458261446e-09,2.5682378446134635e-09,1.3388404163094947e-08,4.4746325755795624e-08,1.7228230007049206e-06,8.286901422849269e-07,1.7612725500271154e-08,1.7294226495323528e-08,1.7169486277168744e-08,1.202986066317635e-08
random_02,1e-06,fixed_uniform,returned,9.119993649164826e-11,9.311085236163308e-11,4.7826187454802493e-11,7.389146396974411e-07,8.033845197985556e-07,2.237392687121087e-06,2.87871700699327e-07,1.8044716476595113e-07,1.4492825606282622e-07,5.212631082329722e-08,7.175145988469467e-08,2.166668893188728e-07,6.104343214019536e-06,1.2292874860264646e-06,2.3330814791222565e-07,2.505077922876353e-08,1.4608648113423328e-06,9.366660043141906e-07
random_02,1e-06,linear_worst_d_W,returned,6.196110291512014e-11,2.546407529280259e-12,3.5288572064473556e-10,5.736369747211256e-06,1.5920269065716752e-05,3.0694196706093635e-05,2.6542601805346067e-07,1.3491964878653562e-08,1.0962090630783905e-06,2.397225467021258e-07,1.4826268679435373e-06,3.8070732037986943e-06,0.00021519180562279416,0.00011004139548198566,2.478788710291724e-06,2.7595203491159737e-06,5.922996980878281e-06,6.759601085093436e-06
random_02,1e-06,linear_worst_gap,returned,1.021405182655144e-13,9.15161280090615e-11,5.253770751778575e-10,5.018806046308555e-06,1.501999017250455e-05,2.9141158282008917e-05,4.546300624852506e-08,1.3860233849527503e-07,1.618091742372485e-06,1.817156143335552e-07,1.4119307714111073e-06,3.672595829229408e-06,0.0002131876280770939,0.00011165886288289073,2.787181660579563e-06,3.0399978019346463e-06,7.876414191088088e-06,8.713925260694921e-06
random_02,1e-06,linear_worst_ax3,returned,1.4731327269146277e-11,1.063531485101521e-10,6.808091868037991e-10,4.576921483590013e-06,1.4816312660315134e-05,4.213870323876989e-05,6.150031595097971e-10,4.959473081100896e-07,8.659576380409817e-07,2.5679455140092955e-07,1.3387145680887613e-06,4.4744682965447424e-06,0.00017227145096399,8.286427452652845e-05,1.7611327969291324e-06,1.7292413652114647e-06,1.7169266781635883e-06,1.202902403463213e-06
random_02,0.0001,fixed_uniform,returned,9.12383013584872e-09,9.311921456145456e-09,4.7849564310809e-09,7.378491736886872e-05,8.010451638185145e-05,0.00022312051406103706,2.8796410562748065e-05,1.8049271810482992e-05,1.4493758525802036e-05,5.2066065485689705e-06,7.155089943866599e-06,2.1603540593551074e-05,0.0006081651279430389,0.0001219202641546957,2.335725198854277e-05,2.5316214422588246e-06,0.000146085079349767,9.365538853056687e-05
random_02,0.0001,linear_worst_d_W,returned,6.175223443705136e-09,2.241975494143844e-10,3.523221892010042e-08,0.0005736666402533785,0.0015920969302793964,0.0030692345577767455,2.649450781300189e-05,1.4233113141415288e-06,0.00010948742077054874,2.3974137628890446e-05,0.00014825311700827903,0.0003805230655249403,0.02152203840751099,0.011005364102931736,0.0002479112233757519,0.0002759714666709101,0.0005923193017132178,0.0006759274788072922
random_02,0.0001,linear_worst_gap,returned,1.5145218412726535e-11,9.149998536628345e-09,5.253505674929215e-08,0.0005019262064500651,0.0015022814320033717,0.0029149471409688488,4.534584210347248e-06,1.385696308098261e-05,0.0001618024347642688,1.817526961356286e-05,0.00014123038374047603,0.0003675004308341112,0.021319164402058277,0.011166029433235636,0.00027872473041767876,0.0003040094335844401,0.000787606471594593,0.0008713561159953143
random_02,0.0001,linear_worst_ax3,returned,1.500046309388381e-09,1.0627016155950741e-08,6.808508956623882e-08,0.00045773266236892596,0.0014818879171016874,0.004214420051893875,1.2498755364021008e-07,4.957683044537475e-05,8.661077527705174e-05,2.5682932239146083e-05,0.00013390561066239925,0.0004477633081583221,0.017227607339449946,0.008286649999449835,0.00017611389926486254,0.00017292808009372607,0.00017165012090192278,0.00012025008015703609
random_02,0.001,fixed_uniform,returned,9.13480380226872e-08,9.304388592923374e-08,4.7833621952264593e-08,0.0007389930974639469,0.000803137216209393,0.002236515933153882,0.0002882203905905101,0.00018030030676641218,0.00014495457797103484,5.213712482010635e-05,7.171169580910686e-05,0.00021659243604199574,0.00609297521783958,0.0012230532670809424,0.00023338245401127722,2.5138492222964715e-05,0.001461202976491549,0.0009370833892131669
random_02,0.001,linear_worst_d_W,returned,6.186430612231675e-08,2.244339381007876e-09,3.524821186040583e-07,0.005731549276845271,0.015892214591197273,0.03061248570628372,0.0002652121387209938,1.426529664705356e-05,0.0010951606521061308,0.00023934387819934955,0.0014786528305299473,0.003781627519636288,0.21513517618404876,0.11001460092476556,0.002478456798886697,0.002758654934378768,0.005926206878561935,0.0067620888952045766
random_02,0.001,linear_worst_gap,returned,7.963452119952308e-11,9.155567859409075e-08,5.25186110600373e-07,0.005024247565419415,0.015049559389616718,0.02922618767601648,4.551012112585795e-05,0.00013873100126104987,0.0016177504588661407,0.00018210356802739192,0.001415876913602121,0.0036973927929586647,0.21327129236134112,0.11169745488584226,0.002788077452166249,0.0030412975106965945,0.00787425809445974,0.008711983244108712
random_02,0.001,linear_worst_ax3,returned,1.4851286866957025e-08,1.0635375602419117e-07,6.810846584492936e-07,0.0045821946818414006,0.014844651774147621,0.042215061034716506,8.862972191714391e-07,0.00049594146027232,0.0008668571312693274,0.00025722092264923724,0.0013425974060843338,0.0045088895037992405,0.17241021255793498,0.08293157413244501,0.0017615570434781347,0.0017299562059704954,0.0017124624624802465,0.0011983314240255893
wide_unsorted,1e-08,fixed_uniform,returned,5.022648963404208e-13,2.184918912462308e-13,1.5845103007450234e-12,2.5270010084454952e-08,1.0150262852448577e-08,1.864922793970436e-08,1.4269057047044953e-09,3.170939066876599e-10,2.293749190585004e-09,8.646876548112914e-10,2.4371615836571436e-11,2.00437511033158e-09,1.7281041664318764e-07,8.135862650249237e-08,1.0710747844200341e-09,1.3331034054431257e-09,2.4034771950454115e-09,6.632330684652743e-09
wide_unsorted,1e-08,linear_worst_d_W,returned,6.900924276465048e-12,5.022648963404208e-13,7.405187574249794e-13,6.866480717349077e-09,9.945411250100733e-08,2.9478562879603487e-07,1.501819824056838e-08,1.6414869463687864e-10,1.916141911806335e-09,5.754581255956737e-10,9.581369475597512e-09,3.752555066682817e-08,3.899506282323273e-06,2.0894478289790186e-06,8.43461567257009e-09,1.5655838403461075e-08,3.918597191177042e-08,6.878753056049902e-08
wide_unsorted,1e-08,linear_worst_gap,returned,5.807243574906806e-12,7.318590178329032e-13,5.542233338928781e-13,1.630724710821596e-08,9.454215543769351e-08,2.536482757165004e-07,1.0784072745906315e-08,1.4951018201259103e-09,7.577494187671618e-10,1.7920305239726986e-09,8.494261516389656e-09,3.4136793169992075e-08,3.7315542726901185e-06,2.1865896240313987e-06,1.4852449936597623e-08,2.1712637909843124e-08,8.709028020970067e-08,1.30643885487558e-07
wide_unsorted,1e-08,linear_worst_ax1,returned,1.0499379143880105e-12,3.141042981269493e-12,5.608402631196441e-12,4.969206646165958e-07,1.4092400135723437e-08,4.3202648569717894e-08,2.0044979009981034e-09,4.468158287807e-09,1.3841690460481004e-08,1.6530773638834262e-08,2.4664870146295925e-10,1.310047403890735e-09,2.7668443181028124e-07,2.0453411231358132e-07,9.40618472000665e-09,1.3366348028398534e-08,1.3815910304693091e-08,1.9723676469851625e-08
wide_unsorted,1e-06,fixed_uniform,returned,5.0985216049070914e-11,2.1955770534987096e-11,1.5852319457110298e-10,2.550553118041421e-06,1.0188473709149548e-06,1.8554291632000286e-06,1.445122164156487e-07,3.18039568014683e-08,2.2967985735533603e-07,8.725808831044901e-08,2.736578297302117e-09,1.9930308381432837e-07,1.7171085346490145e-05,8.074432557236833e-06,1.0704920860860057e-07,1.3331252546322503e-07,2.3921185055009175e-07,6.646453660774654e-07
wide_unsorted,1e-06,linear_worst_d_W,returned,6.906324401256825e-10,5.029976435366734e-11,7.395883905303435e-11,6.719215619455099e-07,9.946049999598472e-06,2.9478055624920785e-05,1.5027432382908046e-06,1.6440988126475986e-08,1.9196843936697405e-07,5.7066871450572876e-08,9.581081292786564e-07,3.7523584384135944e-06,0.0003899208473114868,0.0002089295916096745,8.442479333403696e-07,1.5661640357933493e-06,3.92110118374589e-06,6.880339839643312e-06
wide_unsorted,1e-06,linear_worst_gap,returned,5.799496438640972e-10,7.299449933384494e-11,5.628364441179201e-11,1.6314311004350657e-06,9.455034728489409e-06,2.5366313389341144e-05,1.0765541800239475e-06,1.488729282073109e-07,7.792696621322648e-08,1.792570571979013e-07,8.495270737984839e-07,3.414068070473064e-06,0.0003732137705014793,0.0002186955693890269,1.4853371590461961e-06,2.1715790703424886e-06,8.710208032391975e-06,1.3066911240366963e-05
wide_unsorted,1e-06,linear_worst_ax1,returned,1.0413925277674707e-10,3.1384761456365595e-10,5.602855956965413e-10,4.968542108407803e-05,1.4103821470712319e-06,4.317313386792421e-06,1.986962421263172e-07,4.464698992734384e-07,1.3829726874803328e-06,1.6528427637663157e-06,2.4611597426726917e-08,1.3056539893696595e-07,2.771999152173521e-05,2.0477208787283985e-05,9.411464856334817e-07,1.3365083724181659e-06,1.3839325624376286e-06,1.9725796902569925e-06
wide_unsorted,0.0001,fixed_uniform,returned,5.12393005802636e-09,2.1943562522608318e-09,1.5838585554206475e-08,0.00025369233654615186,0.00010144059974237507,0.00018571794106136963,1.4508731496665206e-05,3.178543314774629e-06,2.293764907079776e-05,8.680939347360805e-06,2.5261933678244475e-07,1.9960490885040372e-05,0.0017209669379383286,0.0008095993828831638,1.0706778422964192e-05,1.3337292001480705e-05,2.3964333515813507e-05,6.642824907210354e-05
wide_unsorted,0.0001,linear_worst_d_W,returned,6.905943972235207e-08,5.033569117074421e-09,7.39619610001796e-09,6.737331194095475e-05,0.000994478272421162,0.002946994929240887,0.00015026378385485373,1.6530618127674757e-06,1.919818526197048e-05,5.7144520164698065e-06,9.57978084867861e-05,0.00037505004098736805,0.03899577933549381,0.020895157514102536,8.442581232470658e-05,0.00015662390410930982,0.0003921652025037359,0.0006881366259114952
wide_unsorted,0.0001,linear_worst_gap,returned,5.8018994386621614e-08,7.299355786472006e-09,5.629060106926431e-09,0.0001631989379884402,0.0009455839918164344,0.002537275328707622,0.00010771279728816197,1.4887758921666716e-05,7.7962059616965e-06,1.7926267734003076e-05,8.496344222130858e-05,0.00034156536307516916,0.03731954789449787,0.02186854314528297,0.00014849858184273756,0.00021714019610197255,0.0008709025140039017,0.0013066299757278355
wide_unsorted,0.0001,linear_worst_ax1,returned,1.0390800109227882e-08,3.138782211919988e-08,5.603157116063073e-08,0.0049684778228424875,0.00014113508167312716,0.00043219574053843246,1.981497492131723e-05,4.465308445578131e-05,0.0001383039199129854,0.00016522093576099017,2.47171415979075e-06,1.3104664032592694e-05,0.002767959583877655,0.0020457744258646215,9.411689382998745e-05,0.0001336693553728452,0.0001383869532096682,0.00019730077323876216
wide_unsorted,0.001,fixed_uniform,returned,5.0859032429961815e-08,2.1910225189714083e-08,1.5836435385274683e-07,0.0025333447148092603,0.001015658968682942,0.0018557904943161674,0.00014416846440212794,3.1700401651235666e-05,0.00022931371810308576,8.670521789566621e-05,2.592040513116345e-06,0.00019948994984320123,0.017195635792717212,0.008089311964974755,0.0001068273689499577,0.00013363111009923045,0.00023900304271218253,0.0006649155958911024
wide_unsorted,0.001,linear_worst_d_W,returned,6.904405903673805e-07,5.017457205269693e-08,7.405080926226049e-08,0.0006822544030011812,0.009928422762733646,0.029377008962779172,0.0015023244905778554,1.6183440020078876e-05,0.0001921916316565131,5.750666516246561e-05,0.0009562259822668562,0.003731131416349509,0.390014312301588,0.20898995529805298,0.000844238773639816,0.00156591428277153,0.003923738945905697,0.0068834311442385054
wide_unsorted,0.001,linear_worst_gap,returned,5.799353275381947e-07,7.286758707536478e-08,5.6270842208050453e-08,0.0016082986827452572,0.009472147969001199,0.025443558741676142,0.0010766061327105447,0.00014865343842807022,7.797180879443033e-05,0.0001782658622464517,0.0008508716273485373,0.0034305364510911485,0.3729559362103032,0.21853326709359955,0.0014854725932078594,0.0021718921288664816,0.008706523689803403,0.013061734634584043
wide_unsorted,0.001,linear_worst_ax1,returned,1.0382031168099104e-07,3.1393533639345605e-07,5.601235384400383e-07,0.04963948471796975,0.0014104747576197951,0.0043204897098227946,0.00019795701286717815,0.00044667214725979676,0.0013826550925468695,0.0016451314744652112,2.46427901986479e-05,0.000130769820144927,0.027703605880731175,0.020469428981249038,0.0009412645055206781,0.001336507655204322,0.001385671040311398,0.0019746058218754747
weak_first,1e-08,fixed_uniform,returned,9.019884839034376e-11,2.993827408204197e-12,2.8245183969488608e-12,4.8524772172653385e-08,6.351827508410679e-09,1.0728700416962056e-07,2.735379460716558e-07,8.062184697621433e-09,3.039552609607199e-09,2.191151176056394e-07,2.1766357605201847e-09,2.5984441931470315e-08,3.2977969794956152e-06,2.824776424326103e-06,5.682849746335705e-09,2.5946480519678516e-09,1.2347686129121627e-07,7.893769637945525e-08
weak_first,1e-08,linear_worst_ax1,returned,4.898403904718407e-11,1.3511414209688155e-12,2.8110846983508964e-13,8.205880699385659e-07,1.3485072614116689e-08,2.1761494117811253e-07,1.2577308083905336e-08,4.341757176007377e-09,7.813261149181017e-10,3.958869023490408e-06,4.87495221968004e-09,4.719282409304526e-08,5.712311931915792e-06,4.629857095039824e-06,1.1455997928067063e-08,6.40561070852641e-09,4.2321336346518024e-07,2.779936605357136e-07
weak_first,1e-08,linear_worst_ng1,returned,5.442823969303845e-11,1.3313794511304877e-12,1.3468115511727774e-12,2.022539731225126e-05,9.91949811179893e-09,1.7148053821358644e-07,2.8972989341014e-08,4.151818444597666e-09,2.659052533715567e-09,9.71264566353991e-05,4.245645612854787e-09,3.7048494938574095e-08,4.480735441347861e-06,3.511588956506273e-06,1.0221894441997392e-08,5.981544815014672e-09,5.321499755628345e-06,3.542942611844957e-06
weak_first,1e-08,linear_worst_d_W,returned,1.7896906179259986e-11,3.6051162055628083e-12,1.3453682612407647e-12,4.5397751002873576e-07,6.753221075683769e-07,2.7942884965881376e-06,1.6270769620518877e-08,1.2252536318868579e-08,1.639130609021322e-09,1.9866639777710304e-06,8.222173430993962e-08,5.607113957584176e-07,6.521367586742599e-05,5.139648903806915e-05,2.3056604359084076e-07,1.8275021229641197e-07,2.379051353196271e-06,1.6575967021204008e-06
weak_first,1e-06,fixed_uniform,returned,8.261064610159963e-09,2.998572501411445e-10,2.8402280527473067e-10,1.357759823072957e-06,6.601644333414924e-07,1.0785629521947726e-05,2.5665438121436068e-05,8.076407786994366e-07,3.068631384550713e-07,5.130440076106524e-06,2.2187128601025563e-07,2.617037308860759e-06,0.00033241147210105737,0.00028427929466534607,5.784397978381151e-07,2.5943960180185854e-07,1.331343235055904e-05,8.519552147978615e-06
weak_first,1e-06,linear_worst_ng1,returned,5.1017088886773365e-09,1.3333401049919757e-10,2.2206458893947456e-11,0.00014536543285542658,1.594144015015786e-06,2.2564830258531288e-05,7.310414140704324e-07,4.2879734163392413e-07,6.5143757943531e-08,0.0007005502027446209,5.148404145227659e-07,4.885375569863015e-06,0.0005908812206740777,0.0004782238557412555,1.2218748288717052e-06,7.022024297587137e-07,5.924352084124562e-05,3.910199431067518e-05
weak_first,1e-06,linear_worst_ax1,returned,4.285990340413548e-09,1.3455281333563107e-10,7.203238006070478e-12,0.000334677024955099,1.5147168141993461e-06,2.1925277261303222e-05,2.3872627590293405e-06,4.308440959555071e-07,3.3339838445556325e-08,0.0016050833090659467,5.021994098353133e-07,4.745326916966164e-06,0.0005738784628874782,0.0004635200487879132,1.1944410798214733e-06,6.935543659380983e-07,0.00010672484838225582,7.076524525984063e-05
weak_first,1e-06,linear_worst_d_W,returned,5.105289524465206e-10,3.5843172874194806e-10,1.3431122880547264e-10,4.768365235069405e-05,6.762869163701168e-05,0.0002795577015408668,1.4010942717135322e-06,1.2187795270790502e-06,1.626327490455992e-07,0.00020955192165095227,8.225923726845608e-06,5.609828958696994e-05,0.006525274725248664,0.005143605897097281,2.3075276245343446e-05,1.828464160458232e-05,0.00023757784689670824,0.00016553433291499609
weak_first,0.0001,fixed_uniform,returned,7.795560209022945e-07,2.996229575558118e-08,2.852989533508321e-08,0.0004194263474867066,5.3603256390033494e-05,0.0010243851638627177,0.0024516194880348507,8.078373908126935e-05,3.0891554501977225e-05,0.002144005068380972,2.0670404776934603e-05,0.0002523747168443613,0.032239345146706455,0.027682997285049638,5.4228779513110226e-05,1.9946437971096742e-05,0.0014391928806360976,0.0009148216169139189
weak_first,0.0001,linear_worst_ng1,returned,4.644187693858548e-07,1.3484122041163005e-08,3.4480027721883744e-09,0.0010300589976576235,0.00013341548705447792,0.002181016550046877,0.00019631357921667814,4.3395121648082124e-05,9.147602763270868e-06,0.005176411749091336,4.866959034344198e-05,0.0004740193370722512,0.05748517060128222,0.04666874508691343,0.00011428527266499344,6.420385255734296e-05,0.0024206192378696256,0.0015736872411776792
weak_first,0.0001,linear_worst_ax1,returned,4.423361681382687e-07,1.3555471189974355e-08,3.244785662381844e-09,0.0031698647576117456,0.00010483096069080489,0.0020681167294540614,0.00024018543231285605,4.36336355913447e-05,8.747643187589915e-06,0.015087476880249584,4.534890301877148e-05,0.00045258456694297067,0.054974152071650906,0.04470525688908289,0.00010566063625283562,5.713759225667303e-05,0.0028622943366501397,0.0018647088362643283
weak_first,0.0001,linear_worst_d_W,returned,7.057849021885332e-08,3.622613253817519e-08,1.335397248336534e-08,0.001544796364940343,0.00676673865073063,0.027848552422483408,9.490431409453493e-05,0.00012283794219491995,1.6128943223669978e-05,0.005414552809542839,0.0008229402099244609,0.005579089616739141,0.6551935432673588,0.5166745158539419,0.00231071949470385,0.0018313570438113214,0.024679443645630184,0.01716761497263042
weak_first,0.001,fixed_uniform,returned,8.767354982175402e-06,2.9980130666906746e-07,2.8363554760435505e-07,0.0014454323788309076,0.0003575346073443342,0.009690468586819989,0.026792772266695408,0.0008081779773059239,0.000305854088022528,0.005692100966319336,0.00018678652235570858,0.0023923359874238326,0.304668906312898,0.262320846346614,0.00048025522170114243,0.00019020357210131067,0.012218276507956038,0.007780497769252048
weak_first,0.001,linear_worst_ax1,returned,3.481406106842222e-06,1.4885450871915396e-07,4.730252822771064e-08,0.00028170305988278743,0.0047845222455720204,0.003664000870061912,0.0033950673891887106,0.0004799107392488011,0.00012711681044574874,0.0016318288716747897,0.000246694981394846,0.00022325858239846674,0.006436228418650103,0.020659887919092235,0.000913321657737054,0.0008775813039385572,1.5051553249545435e-05,0.000764339492121402
weak_first,0.001,linear_worst_ng1,returned,4.662471786542888e-06,1.346800537760373e-07,3.3935431353881995e-08,0.014072105885697378,0.0013264245560620225,0.021805497266178975,0.0019167584263719561,0.00043359743060822353,9.027828982599573e-05,0.07673370730609541,0.0004877876025455308,0.004735260153534648,0.5785405547442934,0.4699116623234554,0.0011500578467882328,0.0006433552659630415,0.02552095755163014,0.016605045495862836
weak_first,0.001,linear_worst_d_W,returned,1.7135552843328128e-07,3.570266497998631e-07,1.495851167376827e-07,0.001656550663181211,0.06213936564460454,0.24751028146583387,0.0022066042418824594,0.0012042144745412209,0.00020182300663051933,0.011182026133380374,0.007557491513526582,0.04907339311804493,6.240101227865551,4.944959893731105,0.02143534309993189,0.01710577469843244,0.23848741428932418,0.16575808654282354
