case_id,eta,pattern_count,max_native_error,worst_coordinate,N1,N2,N3,ax1,ax2,ax3,ay1,ay2,ay3,ng1,ng2,ng3,d_W,gap,bm_ax,bm_ay,bm_px,bm_py
moderate_unsorted,1e-08,4,0.00011997444821076897,d_W,1.8630430531629827e-11,1.2079448552526628e-11,1.689220985312545e-11,8.189372868727673e-07,9.885193552605642e-07,6.0847026430721485e-06,2.323023151618031e-08,1.2922701131401482e-08,3.226888445340137e-08,1.2406818594712377e-07,4.4815912469964303e-07,1.7603960997814028e-06,0.00011997444821076897,5.418008808710795e-05,3.3343339778113545e-07,2.163533872057144e-07,5.981899878770847e-07,5.311499032822908e-07
moderate_unsorted,1e-06,4,0.011967335262212941,d_W,1.8596622020083942e-09,1.2133134497105402e-09,1.700856455677524e-09,8.127353095233047e-05,9.941468236984718e-05,0.0006120767511927916,2.3190645830339918e-06,1.2892003082853876e-06,3.2431302852131694e-06,1.2401133599793113e-05,4.475178775353861e-05,0.00017687205346983426,0.011967335262212941,0.005420143955088719,3.3279111316453225e-05,2.146418812420947e-05,6.033684602546607e-05,5.369236196794969e-05
moderate_unsorted,0.0001,4,1.202945879994914,d_W,1.84739197051087e-07,1.2138409177797627e-07,1.6998403440382504e-07,0.008105275961979963,0.009867437545349134,0.061012447012862125,0.00023198109847433201,0.00012929617371337798,0.0003238282677031634,0.0012415808785486426,0.004457191116790771,0.017271378542199622,1.202945879994914,0.5373764937804424,0.003308468996455982,0.0021350115865148567,0.006085693212178722,0.005413830164284095
moderate_unsorted,0.001,4,11.298015139706933,d_W,1.8062712285882299e-06,1.1852966325109904e-06,1.679457267977913e-06,0.06454070529000422,0.09296321444513733,0.5772835221994801,0.0023437322704702446,0.001294384381031577,0.0031998698953472626,0.010798896498899868,0.0369925000375535,0.13859048728384593,11.298015139706933,4.781934052181237,0.02441769533677718,0.019105723355263393,0.061627286850510554,0.054769083672807084
random_00,1e-08,4,6.189915893628495e-06,d_W,8.65529869997772e-13,6.044054146059352e-13,2.7255975254547593e-12,1.407737837411105e-07,1.2036965202355532e-07,4.751566038407873e-07,1.5292238586539497e-09,1.6351613396636822e-09,5.856325202557855e-09,5.748011844275425e-09,1.374002467358082e-08,6.26268341630265e-08,6.189915893628495e-06,3.2652457946369395e-06,6.4187901660517355e-09,2.6722547730173574e-08,3.3903546414748575e-08,1.6802985181030294e-07
random_00,1e-06,4,0.000619028417474965,d_W,8.657430328185001e-11,6.039568845039867e-11,2.7266122692992667e-10,1.4077586508065565e-05,1.203733852683797e-05,4.751310196304814e-05,1.5306598122322157e-07,1.634980946185749e-07,5.857564744360388e-07,5.747456062188405e-07,1.3740633546532877e-06,6.262149365054981e-06,0.000619028417474965,0.00032655612955956315,6.427284513499387e-07,2.672605436515596e-06,3.3941108357193883e-06,1.6805077378556632e-05
random_00,0.0001,4,0.06189644833253283,d_W,8.661190431524801e-09,6.041350086860575e-09,2.7267645918982453e-08,0.0014074617457779937,0.0012032149826719518,0.004750756137696932,1.5315857254671883e-05,1.636308974406475e-05,5.857995682134742e-05,5.746791842420329e-05,0.00013734936296261324,0.0006256563183710817,0.06189644833253283,0.0326532186188313,6.42450674701589e-05,0.00026725293335516653,0.00033928154729068183,0.0016803640784512908
random_00,0.001,4,0.6190918267973871,d_W,8.66294236345766e-08,6.047814871124046e-08,2.725819736593138e-07,0.014084917616829173,0.012005495276056877,0.04742427445016606,0.00015320484805125822,0.0001634619178769725,0.0005856549608012074,0.0005730786515976138,0.0013702519206930663,0.006201511569911888,0.6190918267973871,0.32649226918142205,0.0006429730700985292,0.0026747544191394468,0.003393246937486216,0.01680062718272879
random_01,1e-08,4,4.725682174466783e-07,d_W,1.2718714970105793e-12,1.2252421299763228e-12,8.819611707622244e-13,4.870914338539478e-09,3.180677587977243e-08,5.298558569677425e-08,1.1628724649881406e-09,3.79872666655956e-09,3.3785862996182914e-09,7.789187073115045e-10,2.1845778519491432e-09,5.273224079616057e-09,4.725682174466783e-07,2.694309246820126e-07,1.444991681864849e-08,1.3648513430553066e-08,1.0522035953641762e-07,7.137180890737227e-08
random_01,1e-06,4,4.7256595536282475e-05,d_W,1.2717138453410826e-10,1.2244472102906911e-10,8.830092212974705e-11,4.873855967701957e-07,3.180827341964232e-06,5.29853828901139e-06,1.1622387141585477e-07,3.7994421120401967e-07,3.379658846114353e-07,7.789130451740789e-08,2.184651461956122e-07,5.273184766618755e-07,4.7256595536282475e-05,2.6942135741059303e-05,1.4449852052678125e-06,1.3648139240984847e-06,1.0521879075575669e-05,7.1369002618837385e-06
random_01,0.0001,4,0.004725736080018805,d_W,1.2717049191479646e-08,1.2245359837237402e-08,8.829769360119144e-09,4.872615640927336e-05,0.0003180706205991868,0.0005298345358770717,1.1623966573282019e-05,3.799659330283589e-05,3.379715366058633e-05,7.789388185797108e-06,2.1845346585891434e-05,5.27280044753109e-05,0.004725736080018805,0.002694250152646127,0.00014450022086975878,0.00013648280485867303,0.0010522054326718155,0.0007137004326462915
random_01,0.001,4,0.04725766580548907,d_W,1.27181706943702e-07,1.2244858194065955e-07,8.829356046291537e-08,0.0004870454784740019,0.003180214006707871,0.005296846856879256,0.00011623684576989035,0.0003799359081835263,0.00033797680386982165,7.787996628616511e-05,0.00021837325257068052,0.0005269179347195951,0.04725766580548907,0.026941943259370937,0.001445138268881152,0.0013650045476758521,0.010522896160545248,0.007137891672240215
random_02,1e-08,4,2.152238309349741e-06,d_W,9.130474154517287e-13,1.06314956838105e-12,6.80788758700146e-12,5.737321728815914e-08,1.5923226470704321e-07,4.214026922966241e-07,2.880057969889549e-09,4.958206289984446e-09,1.619633316352065e-08,2.5682378446134635e-09,1.4828905436914397e-08,4.4746325755795624e-08,2.152238309349741e-06,1.1165480557906449e-06,2.7870665775253656e-08,3.0399746719922405e-08,7.876871066514468e-08,8.714873300785797e-08
random_02,1e-06,4,0.00021519180562279416,d_W,9.119993649164826e-11,1.063531485101521e-10,6.808091868037991e-10,5.736369747211256e-06,1.5920269065716752e-05,4.213870323876989e-05,2.87871700699327e-07,4.959473081100896e-07,1.618091742372485e-06,2.5679455140092955e-07,1.4826268679435373e-06,4.4744682965447424e-06,0.00021519180562279416,0.00011165886288289073,2.787181660579563e-06,3.0399978019346463e-06,7.876414191088088e-06,8.713925260694921e-06
random_02,0.0001,4,0.02152203840751099,d_W,9.12383013584872e-09,1.0627016155950741e-08,6.808508956623882e-08,0.0005736666402533785,0.0015920969302793964,0.004214420051893875,2.8796410562748065e-05,4.957683044537475e-05,0.0001618024347642688,2.5682932239146083e-05,0.00014825311700827903,0.0004477633081583221,0.02152203840751099,0.011166029433235636,0.00027872473041767876,0.0003040094335844401,0.000787606471594593,0.0008713561159953143
random_02,0.001,4,0.21513517618404876,d_W,9.13480380226872e-08,1.0635375602419117e-07,6.810846584492936e-07,0.005731549276845271,0.015892214591197273,0.042215061034716506,0.0002882203905905101,0.00049594146027232,0.0016177504588661407,0.00025722092264923724,0.0014786528305299473,0.0045088895037992405,0.21513517618404876,0.11169745488584226,0.002788077452166249,0.0030412975106965945,0.00787425809445974,0.008711983244108712
wide_unsorted,1e-08,4,3.899506282323273e-06,d_W,6.900924276465048e-12,3.141042981269493e-12,5.608402631196441e-12,4.969206646165958e-07,9.945411250100733e-08,2.9478562879603487e-07,1.501819824056838e-08,4.468158287807e-09,1.3841690460481004e-08,1.6530773638834262e-08,9.581369475597512e-09,3.752555066682817e-08,3.899506282323273e-06,2.1865896240313987e-06,1.4852449936597623e-08,2.1712637909843124e-08,8.709028020970067e-08,1.30643885487558e-07
wide_unsorted,1e-06,4,0.0003899208473114868,d_W,6.906324401256825e-10,3.1384761456365595e-10,5.602855956965413e-10,4.968542108407803e-05,9.946049999598472e-06,2.9478055624920785e-05,1.5027432382908046e-06,4.464698992734384e-07,1.3829726874803328e-06,1.6528427637663157e-06,9.581081292786564e-07,3.7523584384135944e-06,0.0003899208473114868,0.0002186955693890269,1.4853371590461961e-06,2.1715790703424886e-06,8.710208032391975e-06,1.3066911240366963e-05
wide_unsorted,0.0001,4,0.03899577933549381,d_W,6.905943972235207e-08,3.138782211919988e-08,5.603157116063073e-08,0.0049684778228424875,0.000994478272421162,0.002946994929240887,0.00015026378385485373,4.465308445578131e-05,0.0001383039199129854,0.00016522093576099017,9.57978084867861e-05,0.00037505004098736805,0.03899577933549381,0.02186854314528297,0.00014849858184273756,0.00021714019610197255,0.0008709025140039017,0.0013066299757278355
wide_unsorted,0.001,4,0.390014312301588,d_W,6.904405903673805e-07,3.1393533639345605e-07,5.601235384400383e-07,0.04963948471796975,0.009928422762733646,0.029377008962779172,0.0015023244905778554,0.00044667214725979676,0.0013826550925468695,0.0016451314744652112,0.0009562259822668562,0.003731131416349509,0.390014312301588,0.21853326709359955,0.0014854725932078594,0.0021718921288664816,0.008706523689803403,0.013061734634584043
weak_first,1e-08,4,9.71264566353991e-05,ng1,9.019884839034376e-11,3.6051162055628083e-12,2.8245183969488608e-12,2.022539731225126e-05,6.753221075683769e-07,2.7942884965881376e-06,2.735379460716558e-07,1.2252536318868579e-08,3.039552609607199e-09,9.71264566353991e-05,8.222173430993962e-08,5.607113957584176e-07,6.521367586742599e-05,5.139648903806915e-05,2.3056604359084076e-07,1.8275021229641197e-07,5.321499755628345e-06,3.542942611844957e-06
weak_first,1e-06,4,0.006525274725248664,d_W,8.261064610159963e-09,3.5843172874194806e-10,2.8402280527473067e-10,0.000334677024955099,6.762869163701168e-05,0.0002795577015408668,2.5665438121436068e-05,1.2187795270790502e-06,3.068631384550713e-07,0.0016050833090659467,8.225923726845608e-06,5.609828958696994e-05,0.006525274725248664,0.005143605897097281,2.3075276245343446e-05,1.828464160458232e-05,0.00023757784689670824,0.00016553433291499609
weak_first,0.0001,4,0.6551935432673588,d_W,7.795560209022945e-07,3.622613253817519e-08,2.852989533508321e-08,0.0031698647576117456,0.00676673865073063,0.027848552422483408,0.0024516194880348507,0.00012283794219491995,3.0891554501977225e-05,0.015087476880249584,0.0008229402099244609,0.005579089616739141,0.6551935432673588,0.5166745158539419,0.00231071949470385,0.0018313570438113214,0.024679443645630184,0.01716761497263042
weak_first,0.001,4,6.240101227865551,d_W,8.767354982175402e-06,3.570266497998631e-07,2.8363554760435505e-07,0.014072105885697378,0.06213936564460454,0.24751028146583387,0.026792772266695408,0.0012042144745412209,0.000305854088022528,0.07673370730609541,0.007557491513526582,0.04907339311804493,6.240101227865551,4.944959893731105,0.02143534309993189,0.01710577469843244,0.23848741428932418,0.16575808654282354
