label,role,dataset,eta,legacy_max_residual,stable_max_residual,legacy_inside_eta,stable_inside_eta,eta_classification_changed,legacy_stable_max_difference,stable_oracle_error_upper,legacy_oracle_error_upper,oracle_eta_classification,max_native_error,all18_error_below_001,stored_noise_max_amplitude,stored_noise_within_eta
cases.json:random_00:generation,benchmark_truth,cases.json,0.0,0.0,1.1107914588137646e-10,True,False,True,1.1107914588137646e-10,1.0816335936075442e-12,1.1112008004224833e-10,outside,,,,
cases.json:random_01:generation,benchmark_truth,cases.json,0.0,0.0,4.873879078104437e-11,True,False,True,4.873879078104437e-11,3.4361652265445505e-12,4.8677443102707234e-11,outside,,,,
cases.json:random_02:generation,benchmark_truth,cases.json,0.0,0.0,1.3130296849794831e-10,True,False,True,1.3130296849794831e-10,1.0930855094314113e-12,1.317654391358018e-10,outside,,,,
cases.json:random_03:generation,benchmark_truth,cases.json,0.0,0.0,2.1242918535335775e-10,True,False,True,2.1242918535335775e-10,1.2346826921952277e-12,2.1239526629464208e-10,outside,,,,
cases.json:random_04:generation,benchmark_truth,cases.json,0.0,0.0,1.2221335055073723e-12,True,False,True,1.2221335055073723e-12,7.647548756152064e-13,6.336778093129089e-13,outside,,,,
cases.json:random_05:generation,benchmark_truth,cases.json,0.0,0.0,3.212541344055353e-11,True,False,True,3.212541344055353e-11,1.3520290496143684e-13,3.213271302180496e-11,outside,,,,
cases.json:random_06:generation,benchmark_truth,cases.json,0.0,0.0,2.8469226975857964e-11,True,False,True,2.8469226975857964e-11,1.387791658810787e-13,2.8461425411125033e-11,outside,,,,
cases.json:random_07:generation,benchmark_truth,cases.json,0.0,0.0,5.2807536121690646e-11,True,False,True,5.2807536121690646e-11,9.493547395392087e-13,5.282910068303045e-11,outside,,,,
cases.json:moderate_unsorted:generation,benchmark_truth,cases.json,0.0,0.0,1.701314644719787e-10,True,False,True,1.701314644719787e-10,7.656331588841013e-14,1.7012437426959117e-10,outside,,,,
cases.json:wide_unsorted:generation,benchmark_truth,cases.json,0.0,0.0,2.2469759386467558e-10,True,False,True,2.2469759386467558e-10,5.588296395193632e-13,2.2468225060937366e-10,outside,,,,
cases.json:exact_collision:generation,benchmark_truth,cases.json,0.0,0.0,1.6862955476426578e-11,True,False,True,1.6862955476426578e-11,4.3361374719603837e-14,1.689098272131198e-11,outside,,,,
cases.json:weak_first:generation,benchmark_truth,cases.json,0.0,0.0,4.1394243588399604e-10,True,False,True,4.1394243588399604e-10,1.841486932126453e-13,4.1391188134827997e-10,outside,,,,
holdout.json:random_00:generation,benchmark_truth,holdout.json,0.0,0.0,4.192202140984591e-13,True,False,True,4.192202140984591e-13,1.4161498062469156e-13,3.514629938839828e-13,outside,,,,
holdout.json:random_01:generation,benchmark_truth,holdout.json,0.0,0.0,9.379164112033322e-13,True,False,True,9.379164112033322e-13,7.662359789521212e-13,6.396650905836303e-13,outside,,,,
holdout.json:random_02:generation,benchmark_truth,holdout.json,0.0,0.0,7.294609360997129e-12,True,False,True,7.294609360997129e-12,4.835712794863149e-13,7.38040521570622e-12,outside,,,,
holdout.json:random_03:generation,benchmark_truth,holdout.json,0.0,0.0,5.903633137904762e-11,True,False,True,5.903633137904762e-11,4.5197760331342117e-13,5.919986780154623e-11,outside,,,,
holdout.json:random_04:generation,benchmark_truth,holdout.json,0.0,0.0,1.6369305910757248e-09,True,False,True,1.6369305910757248e-09,8.607587378165251e-13,1.6364415463777518e-09,outside,,,,
holdout.json:random_05:generation,benchmark_truth,holdout.json,0.0,0.0,2.6216362414288596e-11,True,False,True,2.6216362414288596e-11,1.1695366071672324e-13,2.6238715804609328e-11,outside,,,,
combined_holdout.json:random_00:generation,benchmark_truth,combined_holdout.json,0.0,0.0,4.121147867408581e-13,True,False,True,4.121147867408581e-13,1.8810113589096493e-13,4.673963679269053e-13,outside,,,,
combined_holdout.json:random_01:generation,benchmark_truth,combined_holdout.json,0.0,0.0,1.0795475624547635e-11,True,False,True,1.0795475624547635e-11,2.3041604656939345e-13,1.079491959023204e-11,outside,,,,
combined_holdout.json:random_02:generation,benchmark_truth,combined_holdout.json,0.0,0.0,3.256062086620659e-12,True,False,True,3.256062086620659e-12,1.3111904711297225e-13,3.252200727832836e-12,outside,,,,
combined_holdout.json:random_03:generation,benchmark_truth,combined_holdout.json,0.0,0.0,1.0800249583553523e-12,True,False,True,1.0800249583553523e-12,4.952098849196295e-13,8.995990586510196e-13,outside,,,,
combined_holdout.json:random_04:generation,benchmark_truth,combined_holdout.json,0.0,0.0,1.206430511047074e-10,True,False,True,1.206430511047074e-10,8.060781772273962e-13,1.205478676255636e-10,outside,,,,
combined_holdout.json:random_05:generation,benchmark_truth,combined_holdout.json,0.0,0.0,3.1380231746425125e-11,True,False,True,3.1380231746425125e-11,6.016983049459314e-13,3.138554276298987e-11,outside,,,,
combined_holdout.json:random_06:generation,benchmark_truth,combined_holdout.json,0.0,0.0,1.4131451564480813e-10,True,False,True,1.4131451564480813e-10,6.716441686266547e-13,1.4109231064097414e-10,outside,,,,
combined_holdout.json:random_07:generation,benchmark_truth,combined_holdout.json,0.0,0.0,2.8137492336099967e-12,True,False,True,2.8137492336099967e-12,7.763984434573291e-13,2.7131462166846916e-12,outside,,,,
combined_holdout.json:random_08:generation,benchmark_truth,combined_holdout.json,0.0,0.0,5.469624753118296e-11,True,False,True,5.469624753118296e-11,2.4930982562276454e-13,5.467567407662839e-11,outside,,,,
combined_holdout.json:random_09:generation,benchmark_truth,combined_holdout.json,0.0,0.0,3.777955726036453e-11,True,False,True,3.777955726036453e-11,3.222879317181842e-13,3.7770431758298374e-11,outside,,,,
collision_holdout.json:collision_holdout_00:generation,benchmark_truth,collision_holdout.json,0.0,0.0,1.3002932064409833e-12,True,False,True,1.3002932064409833e-12,8.768110161100546e-13,7.78809760184943e-13,outside,,,,
collision_holdout.json:collision_holdout_01:generation,benchmark_truth,collision_holdout.json,0.0,0.0,2.948752353404416e-13,True,False,True,2.948752353404416e-13,7.145748744383899e-14,2.717984507325409e-13,outside,,,,
combined_validation\noiseless\random_00.json,candidate,combined_holdout.json,0.0,5.968558980384842e-13,3.765876499528531e-13,False,False,False,4.831690603168681e-13,,,,3.742561816011403e-12,True,,
combined_validation\noiseless\random_00.json:truth,truth_against_actual_record,combined_holdout.json,0.0,0.0,4.121147867408581e-13,True,False,True,4.121147867408581e-13,1.8810113589096493e-13,4.673963679269053e-13,outside,,,0.0,True
combined_validation\noiseless\random_01.json,candidate,combined_holdout.json,0.0,4.5680126348202066e-12,1.0808798300843137e-11,False,False,False,6.24078566602293e-12,,,,8.707035092925253e-12,True,,
combined_validation\noiseless\random_01.json:truth,truth_against_actual_record,combined_holdout.json,0.0,0.0,1.0795475624547635e-11,True,False,True,1.0795475624547635e-11,2.3041604656939345e-13,1.079491959023204e-11,outside,,,0.0,True
combined_validation\noiseless\random_02.json,candidate,combined_holdout.json,0.0,14.013034841104037,14.013034841104108,False,False,False,3.801403636316536e-13,,,,19.97821191781712,False,,
combined_validation\noiseless\random_02.json:truth,truth_against_actual_record,combined_holdout.json,0.0,0.0,3.256062086620659e-12,True,False,True,3.256062086620659e-12,1.3111904711297225e-13,3.252200727832836e-12,outside,,,0.0,True
combined_validation\noiseless\random_03.json,candidate,combined_holdout.json,0.0,0.7005774229593271,0.7005774229598103,False,False,False,1.2789769243681803e-12,,,,15.930955236084463,False,,
combined_validation\noiseless\random_03.json:truth,truth_against_actual_record,combined_holdout.json,0.0,0.0,1.0800249583553523e-12,True,False,True,1.0800249583553523e-12,4.952098849196295e-13,8.995990586510196e-13,outside,,,0.0,True
combined_validation\noiseless\random_04.json,candidate,combined_holdout.json,0.0,6.469491609095712e-12,1.1668177535284485e-10,False,False,False,1.2109424574191507e-10,,,,9.879208562324493e-12,True,,
combined_validation\noiseless\random_04.json:truth,truth_against_actual_record,combined_holdout.json,0.0,0.0,1.206430511047074e-10,True,False,True,1.206430511047074e-10,8.060781772273962e-13,1.205478676255636e-10,outside,,,0.0,True
combined_validation\noiseless\random_05.json,candidate,combined_holdout.json,0.0,1.6181278539306732e-10,3.061817466232242e-11,False,False,False,1.311946107307449e-10,,,,1.021760454023024e-11,True,,
combined_validation\noiseless\random_05.json:truth,truth_against_actual_record,combined_holdout.json,0.0,0.0,3.1380231746425125e-11,True,False,True,3.1380231746425125e-11,6.016983049459314e-13,3.138554276298987e-11,outside,,,0.0,True
combined_validation\noiseless\random_06.json,candidate,combined_holdout.json,0.0,4.6763926064841144e-11,1.3799361653354936e-10,False,False,False,1.5019097077129118e-10,,,,6.434675015043467e-11,True,,
combined_validation\noiseless\random_06.json:truth,truth_against_actual_record,combined_holdout.json,0.0,0.0,1.4131451564480813e-10,True,False,True,1.4131451564480813e-10,6.716441686266547e-13,1.4109231064097414e-10,outside,,,0.0,True
combined_validation\noiseless\random_07.json,candidate,combined_holdout.json,0.0,19.24359467181187,19.243594671811792,False,False,False,2.3590018827235326e-12,,,,33.990569470284456,False,,
combined_validation\noiseless\random_07.json:truth,truth_against_actual_record,combined_holdout.json,0.0,0.0,2.8137492336099967e-12,True,False,True,2.8137492336099967e-12,7.763984434573291e-13,2.7131462166846916e-12,outside,,,0.0,True
combined_validation\noiseless\random_08.json,candidate,combined_holdout.json,0.0,9.034550885189674e-12,5.269518155159858e-11,False,False,False,5.0876192148052723e-11,,,,6.573941391252447e-11,True,,
combined_validation\noiseless\random_08.json:truth,truth_against_actual_record,combined_holdout.json,0.0,0.0,5.469624753118296e-11,True,False,True,5.469624753118296e-11,2.4930982562276454e-13,5.467567407662839e-11,outside,,,0.0,True
combined_validation\noiseless\random_09.json,candidate,combined_holdout.json,0.0,5.047295914550887e-12,3.809841331303687e-11,False,False,False,4.307221246335757e-11,,,,2.545164079492679e-11,True,,
combined_validation\noiseless\random_09.json:truth,truth_against_actual_record,combined_holdout.json,0.0,0.0,3.777955726036453e-11,True,False,True,3.777955726036453e-11,3.222879317181842e-13,3.7770431758298374e-11,outside,,,0.0,True
combined_validation\noise_1e6\random_00.json,candidate,combined_holdout.json,1e-06,9.971330854341431e-07,9.971330143798696e-07,True,True,False,4.476419235288631e-13,,,,9.58118832272703e-06,True,,
combined_validation\noise_1e6\random_00.json:truth,truth_against_actual_record,combined_holdout.json,1e-06,9.999876553479226e-07,9.999876127153584e-07,True,True,False,4.121147867408581e-13,1.8810113589096493e-13,4.673963679269053e-13,inside,,,9.999876553479226e-07,True
combined_validation\noise_1e6\random_01.json,candidate,combined_holdout.json,1e-06,9.50419916989631e-07,9.50419618561682e-07,True,True,False,5.931255486757436e-12,,,,1.236198165344149e-05,True,,
combined_validation\noise_1e6\random_01.json:truth,truth_against_actual_record,combined_holdout.json,1e-06,9.999876553479226e-07,9.999874457378155e-07,True,True,False,1.0795475624547635e-11,2.3041604656939345e-13,1.079491959023204e-11,inside,,,9.999876553479226e-07,True
combined_validation\noise_1e6\random_02.json,candidate,combined_holdout.json,1e-06,11.324251413406898,11.324251413406856,False,False,False,2.5206503551089554e-12,,,,14.14719019077868,False,,
combined_validation\noise_1e6\random_02.json:truth,truth_against_actual_record,combined_holdout.json,1e-06,9.999876553479226e-07,9.99987882721598e-07,True,True,False,3.256062086620659e-12,1.3111904711297225e-13,3.252200727832836e-12,inside,,,9.999876553479226e-07,True
combined_validation\noise_1e6\random_03.json,candidate,combined_holdout.json,1e-06,0.3614667135540657,0.3614667135541936,False,False,False,8.526512829121202e-13,,,,15.946216185211743,False,,
combined_validation\noise_1e6\random_03.json:truth,truth_against_actual_record,combined_holdout.json,1e-06,9.999876553479226e-07,9.99987705085914e-07,True,True,False,1.0800249583553523e-12,4.952098849196295e-13,8.995990586510196e-13,inside,,,9.999876553479226e-07,True
combined_validation\noise_1e6\random_04.json,candidate,combined_holdout.json,1e-06,9.803540592656645e-07,9.80352837132159e-07,True,True,False,3.497078182590485e-10,,,,2.5306867428298574e-06,True,,
combined_validation\noise_1e6\random_04.json:truth,truth_against_actual_record,combined_holdout.json,1e-06,9.999876553479226e-07,9.999886394496116e-07,True,True,False,1.206430511047074e-10,8.060781772273962e-13,1.205478676255636e-10,inside,,,9.999876553479226e-07,True
combined_validation\noise_1e6\random_05.json,candidate,combined_holdout.json,1e-06,9.848711801652144e-07,9.84857546626472e-07,True,True,False,1.3367085216486885e-10,,,,4.7070075614996654e-07,True,,
combined_validation\noise_1e6\random_05.json:truth,truth_against_actual_record,combined_holdout.json,1e-06,9.999876553479226e-07,9.999876198207858e-07,True,True,False,3.1380231746425125e-11,6.016983049459314e-13,3.138554276298987e-11,inside,,,9.999876553479226e-07,True
combined_validation\noise_1e6\random_06.json,candidate,combined_holdout.json,1e-06,9.925043116254528e-07,9.925038071401104e-07,True,True,False,9.316458715602494e-11,,,,5.841649346471911e-07,True,,
combined_validation\noise_1e6\random_06.json:truth,truth_against_actual_record,combined_holdout.json,1e-06,9.999876553479226e-07,9.999874031052514e-07,True,True,False,1.4131451564480813e-10,6.716441686266547e-13,1.4109231064097414e-10,inside,,,9.999876553479226e-07,True
combined_validation\noise_1e6\random_07.json,candidate,combined_holdout.json,1e-06,17.35198887758861,17.35198887758864,False,False,False,2.05702122002549e-12,,,,30.07547222723108,False,,
combined_validation\noise_1e6\random_07.json:truth,truth_against_actual_record,combined_holdout.json,1e-06,9.999876553479226e-07,9.999879182487348e-07,True,True,False,2.8137492336099967e-12,7.763984434573291e-13,2.7131462166846916e-12,inside,,,9.999876553479226e-07,True
combined_validation\noise_1e6\random_08.json,candidate,combined_holdout.json,1e-06,9.952769772780812e-07,9.952764656873114e-07,True,True,False,1.8477841479125345e-10,,,,4.046003397206732e-06,True,,
combined_validation\noise_1e6\random_08.json:truth,truth_against_actual_record,combined_holdout.json,1e-06,9.999876553479226e-07,9.999874350796745e-07,True,True,False,5.469624753118296e-11,2.4930982562276454e-13,5.467567407662839e-11,inside,,,9.999876553479226e-07,True
combined_validation\noise_1e6\random_09.json,candidate,combined_holdout.json,1e-06,9.974219237207649e-07,9.97420766424284e-07,True,True,False,1.743849509239226e-11,,,,1.2241673701396394e-06,True,,
combined_validation\noise_1e6\random_09.json:truth,truth_against_actual_record,combined_holdout.json,1e-06,9.999876553479226e-07,9.999874883703797e-07,True,True,False,3.777955726036453e-11,3.222879317181842e-13,3.7770431758298374e-11,inside,,,9.999876553479226e-07,True
combined_validation\noise_1e4\random_00.json,candidate,combined_holdout.json,0.0001,9.973864391099596e-05,9.973864404599908e-05,True,True,False,4.831690603168681e-13,,,,0.000958133024568042,True,,
combined_validation\noise_1e4\random_00.json:truth,truth_against_actual_record,combined_holdout.json,0.0001,9.999876561295196e-05,9.999876557031939e-05,True,True,False,4.121147867408581e-13,1.8810113589096493e-13,4.673963679269053e-13,inside,,,9.999876561295196e-05,True
combined_validation\noise_1e4\random_01.json,candidate,combined_holdout.json,0.0001,9.504841614926818e-05,9.504841588281465e-05,True,True,False,7.24920123928996e-12,,,,0.0012362185777661239,False,,
combined_validation\noise_1e4\random_01.json:truth,truth_against_actual_record,combined_holdout.json,0.0001,9.999876561295196e-05,9.999876540334185e-05,True,True,False,1.0795475624547635e-11,2.3041604656939345e-13,1.079491959023204e-11,inside,,,9.999876561295196e-05,True
combined_validation\noise_1e4\random_02.json,candidate,combined_holdout.json,0.0001,11.324215843337385,11.324215843337313,False,False,False,1.3002932064409833e-12,,,,14.147409070575936,False,,
combined_validation\noise_1e4\random_02.json:truth,truth_against_actual_record,combined_holdout.json,0.0001,9.999876561295196e-05,9.999876584032563e-05,True,True,False,3.256062086620659e-12,1.3111904711297225e-13,3.252200727832836e-12,inside,,,9.999876561295196e-05,True
combined_validation\noise_1e4\random_03.json,candidate,combined_holdout.json,0.0001,0.36145062828686036,0.36145062828681773,False,False,False,1.0516032489249483e-12,,,,15.946175517486592,False,,
combined_validation\noise_1e4\random_03.json:truth,truth_against_actual_record,combined_holdout.json,0.0001,9.999876561295196e-05,9.999876566268995e-05,True,True,False,1.0800249583553523e-12,4.952098849196295e-13,8.995990586510196e-13,inside,,,9.999876561295196e-05,True
combined_validation\noise_1e4\random_04.json,candidate,combined_holdout.json,0.0001,9.805331629308967e-05,9.80533163783548e-05,True,True,False,9.19310849667454e-10,,,,0.00025319319829009146,True,,
combined_validation\noise_1e4\random_04.json:truth,truth_against_actual_record,combined_holdout.json,0.0001,9.999876561295196e-05,9.999876659705365e-05,True,True,False,1.206430511047074e-10,8.060781772273962e-13,1.205478676255636e-10,inside,,,9.999876561295196e-05,True
combined_validation\noise_1e4\random_05.json,candidate,combined_holdout.json,0.0001,9.850321813331675e-05,9.85032179912082e-05,True,True,False,2.8471003332697364e-11,,,,2.4858361627799752e-05,True,,
combined_validation\noise_1e4\random_05.json:truth,truth_against_actual_record,combined_holdout.json,0.0001,9.999876561295196e-05,9.999876557742482e-05,True,True,False,3.1380231746425125e-11,6.016983049459314e-13,3.138554276298987e-11,inside,,,9.999876561295196e-05,True
combined_validation\noise_1e4\random_06.json,candidate,combined_holdout.json,0.0001,9.925865379045717e-05,9.925865433757508e-05,True,True,False,7.637623866685317e-11,,,,5.8413726254258336e-05,True,,
combined_validation\noise_1e4\random_06.json:truth,truth_against_actual_record,combined_holdout.json,0.0001,9.999876561295196e-05,9.999876536070929e-05,True,True,False,1.4131451564480813e-10,6.716441686266547e-13,1.4109231064097414e-10,inside,,,9.999876561295196e-05,True
combined_validation\noise_1e4\random_07.json,candidate,combined_holdout.json,0.0001,17.35204478527396,17.352044785272795,False,False,False,1.1652900866465643e-12,,,,30.075409596191577,False,,
combined_validation\noise_1e4\random_07.json:truth,truth_against_actual_record,combined_holdout.json,0.0001,9.999876561295196e-05,9.999876587585277e-05,True,True,False,2.8137492336099967e-12,7.763984434573291e-13,2.7131462166846916e-12,inside,,,9.999876561295196e-05,True
combined_validation\noise_1e4\random_08.json,candidate,combined_holdout.json,0.0001,9.953961568953673e-05,9.953961546216306e-05,True,True,False,7.877920538135186e-11,,,,0.00040465639304443357,True,,
combined_validation\noise_1e4\random_08.json:truth,truth_against_actual_record,combined_holdout.json,0.0001,9.999876561295196e-05,9.999876539268371e-05,True,True,False,5.469624753118296e-11,2.4930982562276454e-13,5.467567407662839e-11,inside,,,9.999876561295196e-05,True
combined_validation\noise_1e4\random_09.json,candidate,combined_holdout.json,0.0001,9.97434801632835e-05,9.974347967478536e-05,True,True,False,2.2165380642036325e-11,,,,0.0001223649089769907,True,,
combined_validation\noise_1e4\random_09.json:truth,truth_against_actual_record,combined_holdout.json,0.0001,9.999876561295196e-05,9.999876544597441e-05,True,True,False,3.777955726036453e-11,3.222879317181842e-13,3.7770431758298374e-11,inside,,,9.999876561295196e-05,True
combined_validation\noise_1e3\random_00.json,candidate,combined_holdout.json,0.001,0.0009996908522964532,0.0009996908522538206,True,True,False,5.044853423896711e-13,,,,0.00958217327406885,False,,
combined_validation\noise_1e3\random_00.json:truth,truth_against_actual_record,combined_holdout.json,0.001,0.0009999876561224141,0.0009999876560797816,True,True,False,4.121147867408581e-13,1.8810113589096493e-13,4.673963679269053e-13,inside,,,0.0009999876561224141,True
combined_validation\noise_1e3\random_01.json,candidate,combined_holdout.json,0.001,0.0009510710132261124,0.0009510710129987388,True,True,False,5.032307903718447e-12,,,,0.012363566922694247,False,,
combined_validation\noise_1e3\random_01.json:truth,truth_against_actual_record,combined_holdout.json,0.001,0.0009999876561224141,0.000999987655912804,True,True,False,1.0795475624547635e-11,2.3041604656939345e-13,1.079491959023204e-11,inside,,,0.0009999876561224141,True
combined_validation\noise_1e3\random_02.json,candidate,combined_holdout.json,0.001,2.395573075124574,2.39557307512446,False,False,False,5.498268507153625e-12,,,,18.326793369189474,False,,
combined_validation\noise_1e3\random_02.json:truth,truth_against_actual_record,combined_holdout.json,0.001,0.0009999876561224141,0.0009999876563497878,True,True,False,3.256062086620659e-12,1.3111904711297225e-13,3.252200727832836e-12,inside,,,0.0009999876561224141,True
combined_validation\noise_1e3\random_03.json,candidate,combined_holdout.json,0.001,0.361313798402346,0.3613137984026764,False,False,False,8.242295734817162e-13,,,,15.945777425375335,False,,
combined_validation\noise_1e3\random_03.json:truth,truth_against_actual_record,combined_holdout.json,0.001,0.0009999876561224141,0.0009999876561721521,True,True,False,1.0800249583553523e-12,4.952098849196295e-13,8.995990586510196e-13,inside,,,0.0009999876561224141,True
combined_validation\noise_1e3\random_04.json,candidate,combined_holdout.json,0.001,0.0009822533338947892,0.0009822533342784823,True,True,False,3.305409279619198e-10,,,,0.0025330985424716346,False,,
combined_validation\noise_1e3\random_04.json:truth,truth_against_actual_record,combined_holdout.json,0.001,0.0009999876561224141,0.0009999876571065158,True,True,False,1.206430511047074e-10,8.060781772273962e-13,1.205478676255636e-10,inside,,,0.0009999876561224141,True
combined_validation\noise_1e3\random_05.json,candidate,combined_holdout.json,0.001,0.0009882336701423355,0.0009882336696307448,True,True,False,5.136158165441884e-11,,,,0.00039390193967236975,True,,
combined_validation\noise_1e3\random_05.json:truth,truth_against_actual_record,combined_holdout.json,0.001,0.0009999876561224141,0.000999987656086887,True,True,False,3.1380231746425125e-11,6.016983049459314e-13,3.138554276298987e-11,inside,,,0.0009999876561224141,True
combined_validation\noise_1e3\random_06.json,candidate,combined_holdout.json,0.001,0.0009933468765623843,0.0009933468770597642,True,True,False,8.181721966593614e-11,,,,0.000584034439029324,True,,
combined_validation\noise_1e3\random_06.json:truth,truth_against_actual_record,combined_holdout.json,0.001,0.0009999876561224141,0.0009999876558701715,True,True,False,1.4131451564480813e-10,6.716441686266547e-13,1.4109231064097414e-10,inside,,,0.0009999876561224141,True
combined_validation\noise_1e3\random_07.json,candidate,combined_holdout.json,0.001,14.73881875284178,14.738818752839677,False,False,False,3.723243935382925e-12,,,,33.990570318518515,False,,
combined_validation\noise_1e3\random_07.json:truth,truth_against_actual_record,combined_holdout.json,0.001,0.0009999876561224141,0.000999987656385315,True,True,False,2.8137492336099967e-12,7.763984434573291e-13,2.7131462166846916e-12,inside,,,0.0009999876561224141,True
combined_validation\noise_1e3\random_08.json,candidate,combined_holdout.json,0.001,0.0009964833896063396,0.000996483389577918,True,True,False,1.446487374323624e-10,,,,0.0040473303875785405,False,,
combined_validation\noise_1e3\random_08.json:truth,truth_against_actual_record,combined_holdout.json,0.001,0.0009999876561224141,0.0009999876559021459,True,True,False,5.469624753118296e-11,2.4930982562276454e-13,5.467567407662839e-11,inside,,,0.0009999876561224141,True
combined_validation\noise_1e3\random_09.json,candidate,combined_holdout.json,0.001,0.00099756293287534,0.000997562932477436,True,True,False,3.909672585677981e-11,,,,0.0012236236098353004,False,,
combined_validation\noise_1e3\random_09.json:truth,truth_against_actual_record,combined_holdout.json,0.001,0.0009999876561224141,0.0009999876559554366,True,True,False,3.777955726036453e-11,3.222879317181842e-13,3.7770431758298374e-11,inside,,,0.0009999876561224141,True
combined_validation\noise_1e2\random_00.json,candidate,combined_holdout.json,0.01,0.009971318694454112,0.009971318694525166,True,True,False,4.476419235288631e-13,,,,0.09583148775112704,False,,
combined_validation\noise_1e2\random_00.json:truth,truth_against_actual_record,combined_holdout.json,0.01,0.009999876561224141,0.009999876561181509,True,True,False,4.121147867408581e-13,1.8810113589096493e-13,4.673963679269053e-13,inside,,,0.009999876561224141,True
combined_validation\noise_1e2\random_01.json,candidate,combined_holdout.json,0.01,0.009569752041159063,0.00956975204078958,True,True,False,5.35549382618683e-12,,,,0.12377331345295062,False,,
combined_validation\noise_1e2\random_01.json:truth,truth_against_actual_record,combined_holdout.json,0.01,0.009999876561220589,0.009999876561010979,True,True,False,1.0795475624547635e-11,2.3041604656939345e-13,1.079491959023204e-11,inside,,,0.009999876561220589,True
combined_validation\noise_1e2\random_02.json,candidate,combined_holdout.json,0.01,11.323465868922924,11.323465868922895,False,False,False,1.7905676941154525e-12,,,,14.172185370149368,False,,
combined_validation\noise_1e2\random_02.json:truth,truth_against_actual_record,combined_holdout.json,0.01,0.009999876561224141,0.009999876561451515,True,True,False,3.256062086620659e-12,1.3111904711297225e-13,3.252200727832836e-12,inside,,,0.009999876561224141,True
combined_validation\noise_1e2\random_03.json,candidate,combined_holdout.json,0.01,0.009924482435764048,0.009924482436247217,True,True,False,1.0800249583553523e-12,,,,0.0018110806159472581,False,,
combined_validation\noise_1e2\random_03.json:truth,truth_against_actual_record,combined_holdout.json,0.01,0.009999876561224141,0.00999987656127388,True,True,False,1.0800249583553523e-12,4.952098849196295e-13,8.995990586510196e-13,inside,,,0.009999876561224141,True
combined_validation\noise_1e2\random_04.json,candidate,combined_holdout.json,0.01,0.009803421688509673,0.009803421688815206,True,True,False,7.748361952053529e-10,,,,0.025305451183328387,False,,
combined_validation\noise_1e2\random_04.json:truth,truth_against_actual_record,combined_holdout.json,0.01,0.009999876561220589,0.00999987656220469,True,True,False,1.206430511047074e-10,8.060781772273962e-13,1.205478676255636e-10,inside,,,0.009999876561220589,True
combined_validation\noise_1e2\random_05.json,candidate,combined_holdout.json,0.01,0.009848552427556001,0.009848552427591528,True,True,False,1.0615863743623777e-10,,,,0.0024863063266167273,False,,
combined_validation\noise_1e2\random_05.json:truth,truth_against_actual_record,combined_holdout.json,0.01,0.009999876561224141,0.009999876561188614,True,True,False,3.1380231746425125e-11,6.016983049459314e-13,3.138554276298987e-11,inside,,,0.009999876561224141,True
combined_validation\noise_1e2\random_06.json,candidate,combined_holdout.json,0.01,0.009925001235515651,0.009925001234854847,True,True,False,4.581846013707036e-11,,,,0.005845479038619317,False,,
combined_validation\noise_1e2\random_06.json:truth,truth_against_actual_record,combined_holdout.json,0.01,0.009999876561220589,0.009999876560968346,True,True,False,1.4131451564480813e-10,6.716441686266547e-13,1.4109231064097414e-10,inside,,,0.009999876561220589,True
combined_validation\noise_1e2\random_07.json,candidate,combined_holdout.json,0.01,11.070447590926449,11.070447590918803,False,False,False,6.706954991386738e-10,,,,7.762396670077031,False,,
combined_validation\noise_1e2\random_07.json:truth,truth_against_actual_record,combined_holdout.json,0.01,0.009999876561224141,0.009999876561487042,True,True,False,2.8137492336099967e-12,7.763984434573291e-13,2.7131462166846916e-12,inside,,,0.009999876561224141,True
combined_validation\noise_1e2\random_08.json,candidate,combined_holdout.json,0.01,0.00995275341127666,0.009952753411191395,True,True,False,5.7907900696818615e-11,,,,0.04101480548172276,False,,
combined_validation\noise_1e2\random_08.json:truth,truth_against_actual_record,combined_holdout.json,0.01,0.009999876561220589,0.00999987656100032,True,True,False,5.469624753118296e-11,2.4930982562276454e-13,5.467567407662839e-11,inside,,,0.009999876561220589,True
combined_validation\noise_1e2\random_09.json,candidate,combined_holdout.json,0.01,0.009988434432514737,0.009988434432026239,True,True,False,2.0621726548597508e-11,,,,0.012234155233354471,False,,
combined_validation\noise_1e2\random_09.json:truth,truth_against_actual_record,combined_holdout.json,0.01,0.009999876561220589,0.009999876561053611,True,True,False,3.777955726036453e-11,3.222879317181842e-13,3.7770431758298374e-11,inside,,,0.009999876561220589,True
low_frequency\random_02.json,candidate,combined_holdout.json,0.0,1.3420375921668892e-12,3.2303049124493555e-12,False,False,False,3.532285575147398e-12,1.7955816617610557e-13,3.546628607741087e-12,outside,7.545963853772264e-12,True,,
low_frequency\random_02_profile.json,candidate,combined_holdout.json,0.0,1.7852386235972517e-12,3.3493208206891723e-12,False,False,False,2.092548356813495e-12,1.3923782370778223e-13,2.051061565397476e-12,outside,1.6143530956469476e-11,True,,
low_frequency\random_03.json,candidate,combined_holdout.json,0.0,20.2415242050983,20.241524205098358,False,False,False,5.684341886080801e-13,4.879557151976292e-13,4.628011377607948e-13,outside,13.952776909665943,False,,
low_frequency\random_03_profile.json,candidate,combined_holdout.json,0.0,6.252776074688882e-13,8.810729923425242e-13,False,False,False,9.379164112033322e-13,3.852266368772497e-13,8.059389654082819e-13,outside,2.913225216616411e-13,True,,
low_frequency\random_07.json,candidate,combined_holdout.json,0.0,10.356354491121522,10.356354491121493,False,False,False,7.51469997339882e-11,4.5722256087500104e-11,2.94247436464881e-11,outside,18.16999228897482,False,,
low_frequency\random_07_profile.json,candidate,combined_holdout.json,0.0,11.421684441324004,,False,,,,,,,17.22549022236222,False,,
low_frequency\random_07_release.json,candidate,combined_holdout.json,0.0,1.0800249583553523e-12,2.4442670110147446e-12,False,False,False,1.3642420526593924e-12,8.935226460946421e-13,5.602499000998988e-13,outside,1.2860823517257813e-12,True,,
gain_continuation\result_native.json,candidate,,1e-08,3.6001313041822414e-10,1.0036416142611415e-13,True,True,False,3.5995273428568453e-10,7.073357965344259e-14,3.5995573393555756e-10,inside,,,,
gain_continuation\result_replay.json,candidate,,1e-08,3.6001313041822414e-10,1.0036416142611415e-13,True,True,False,3.5995273428568453e-10,7.073357965344259e-14,3.5995573393555756e-10,inside,,,,
gain_continuation\fresh_random_03.json,candidate,combined_holdout.json,0.0,0.7005774233069815,0.7005774233070099,False,False,False,1.0800249583553523e-12,3.336944986072536e-13,1.0337152519253053e-12,outside,15.930955236062847,False,,
gain_continuation\fresh_random_07.json,candidate,combined_holdout.json,0.0,19.243594671811884,19.243594671811806,False,False,False,2.3305801732931286e-12,6.332123106863004e-13,2.1228543028179128e-12,outside,33.990569470284456,False,,
gain_continuation\compatible_profiles.json:candidate,witness_endpoint,,1e-08,3.6001313041822414e-10,1.0036416142611415e-13,True,True,False,3.5995273428568453e-10,7.073357965344259e-14,3.5995573393555756e-10,inside,,,,
gain_continuation\compatible_profiles.json:profile_0,witness_endpoint,,1e-08,9.763334141155156e-09,9.722185723148868e-09,True,True,False,1.4526335689879488e-10,1.258899226399456e-13,1.4527321007261026e-10,inside,,,,
gain_continuation\compatible_profiles.json:profile_1,witness_endpoint,,1e-08,9.743692075403487e-09,9.722168847758894e-09,True,True,False,1.3295320400175115e-10,7.888623848142111e-14,1.3287856944759687e-10,inside,,,,
gain_continuation\compatible_profiles.json:profile_2,witness_endpoint,,1e-08,9.200051387381336e-09,9.175867177191321e-09,True,True,False,2.255777786785984e-10,1.6801122851613668e-13,2.2556369243639072e-10,inside,,,,
gain_continuation\compatible_profiles.json:profile_3,witness_endpoint,,1e-08,9.207936635391434e-09,9.175920911985713e-09,True,True,False,2.3424018280593373e-10,9.727556156426982e-14,2.341713650292805e-10,inside,,,,
gain_continuation\compatible_profiles.json:profile_4,witness_endpoint,,1e-08,8.839615484035335e-09,8.798124895292858e-09,True,True,False,1.951088179907856e-10,8.58136296470452e-14,1.9509638234699733e-10,inside,,,,
gain_continuation\compatible_profiles.json:profile_5,witness_endpoint,,1e-08,8.815166374631644e-09,8.797994333065162e-09,True,True,False,3.0742075551870585e-10,1.4237983980008773e-13,3.073296334719757e-10,inside,,,,
profiles\random00_eta1e4.json:endpoint_a,witness_endpoint,,0.0001,9.630920875736138e-05,9.63092086863071e-05,True,True,False,4.637357164938294e-11,9.179623970635563e-13,4.617011958206683e-11,inside,,,,
profiles\random00_eta1e4.json:endpoint_b,witness_endpoint,,0.0001,9.708908446270925e-05,9.708908114003378e-05,True,True,False,2.687194911032975e-11,6.081556567791353e-13,2.6735614384720366e-11,inside,,,,
profiles\random00_eta1e4.json:truth,truth_against_actual_record,cases.json,0.0001,9.999876561295196e-05,9.999876549215969e-05,True,True,False,1.1107914588137646e-10,1.0816335936075442e-12,1.1112008004224833e-10,inside,,,9.999876561295196e-05,True
ambiguity\witnesses.json:eta_1e-8_separated_speeds:base,witness_endpoint,,1e-08,9.746678131250519e-09,9.722175065007832e-09,True,True,False,1.6231638255703729e-10,1.4292757313307758e-13,1.6232868605733582e-10,inside,,,,
ambiguity\witnesses.json:eta_1e-8_separated_speeds:alternative,witness_endpoint,,1e-08,9.73784874958028e-09,9.722184834970449e-09,True,True,False,1.2371081936635164e-10,9.36575690228057e-14,1.2370100040404475e-10,inside,,,,
ambiguity\witnesses.json:eta_1e-4_large_wedges:base,witness_endpoint,,0.0001,7.817942353982588e-05,7.817942065990735e-05,True,True,False,5.191402863147232e-11,7.412557731062806e-13,5.1407186974954275e-11,inside,,,,
ambiguity\witnesses.json:eta_1e-4_large_wedges:alternative,witness_endpoint,,0.0001,7.817944804444643e-05,7.817942062038341e-05,True,True,False,6.856737400084967e-11,4.764637223336954e-13,6.833030569911676e-11,inside,,,,
