case,mode,seconds,rms,max_record_residual,max_native_error,worst_coordinate,all18_within_0.001,failed_coordinates,abs_error_N1,abs_error_N2,abs_error_N3,abs_error_ax1,abs_error_ax2,abs_error_ax3,abs_error_ay1,abs_error_ay2,abs_error_ay3,abs_error_ng1,abs_error_ng2,abs_error_ng3,abs_error_d_W,abs_error_gap,abs_error_bm_ax,abs_error_bm_ay,abs_error_bm_px,abs_error_bm_py
moderate_unsorted,direct,6.455104099935852,1.871809263306657e-11,3.494098343992391e-10,8.98015173333988e-9,d_W,true,,2.2426505097428162e-14,1.199040866595169e-14,1.815214645262131e-14,1.8666046486259802e-10,4.880451598410218e-11,1.6934098567844558e-10,3.171729545670132e-11,2.3301360840832785e-11,3.4068747822857404e-11,9.7497565576532e-12,9.835243730549337e-12,1.6938894731310938e-11,8.98015173333988e-9,5.581585860170435e-9,6.154854403916943e-11,1.4635137546292754e-10,2.622467798474304e-10,4.320218627285044e-10
moderate_unsorted,harmonic,6.837433699984103,0.001978947537231395,0.0059650527208372495,9.925244106684616,d_W,false,ax1;ax2;ax3;ay3;ng1;ng2;ng3;d_W;gap;bm_ax;bm_ay;bm_px;bm_py,1.6455636231427206e-7,9.775793834432278e-7,8.844529576501614e-7,0.7080557237311664,0.37066409314112203,0.6017533555281762,0.0005942488431922577,0.0006886919435000749,0.0013309756377442028,0.07689871473445686,0.0770200190802266,0.16930421885499158,9.925244106684616,5,0.01607078527691508,0.0072353683470121055,0.03325222174127551,0.013660973787317787
random_00,direct,3.6960675000445917,3.867497808472043e-12,3.7333691693675064e-11,3.743139131984208e-10,d_W,true,,8.881784197001252e-16,1.7763568394002505e-15,1.5543122344752192e-15,1.0999201549566351e-11,1.7266188478970435e-12,4.636291350834654e-12,3.495426170729843e-12,1.7532642004880472e-12,2.192024339819909e-12,6.568079413682426e-13,3.532729664357248e-13,1.8629542353210127e-12,3.743139131984208e-10,2.3639046276002773e-10,1.3493650641294153e-12,1.0800249583553523e-12,7.86926079854311e-12,1.1818546141739716e-11
random_00,harmonic,4.259241500054486,4.076070917546047e-12,4.6209258641738415e-11,3.665263648144901e-10,d_W,true,,8.881784197001252e-16,1.3322676295501878e-15,1.3322676295501878e-15,1.06368247543287e-11,1.609379296496627e-12,4.319211655001709e-12,3.690603378458945e-12,1.6919798895287386e-12,2.1458390619955026e-12,6.417089082333405e-13,3.455014052633487e-13,1.8023360581764791e-12,3.665263648144901e-10,2.3283419636754843e-10,1.2501111257279263e-12,1.028510610012745e-12,7.482903185973555e-12,1.2164935725422765e-11
weak_first,direct,7.171901100082323,1.4759201291892722e-11,2.1788082449347712e-10,4.413529164359886e-8,ng1,true,,3.043121310497554e-13,6.661338147750939e-16,3.885780586188048e-15,9.187983540659417e-9,1.4072298881728784e-11,3.5001512799226475e-10,7.252545231040131e-10,7.394529433213393e-12,1.234479185541204e-11,4.413529164359886e-8,3.746558618900053e-12,5.572142747212183e-11,5.541124892260996e-9,4.471046644027865e-9,2.7746693831431912e-11,4.2081893525391934e-11,2.5905834144523965e-9,1.7872959778841846e-9
weak_first,harmonic,7.154701400082558,0.000002669994696799919,0.000006534963407744954,0.10523830256534006,ng1,false,ax1;ng1;d_W;gap;bm_px;bm_py,2.624218398139533e-9,3.419309280161542e-11,2.137785060085662e-9,0.025674071055247716,6.447991687252852e-7,0.00004563001263235833,0.000027226498271915034,2.4894567030031567e-7,0.000004443079058447097,0.10523830256534006,3.808440753871878e-7,0.000010538916082269978,0.0013074315773877743,0.0012296207531807823,4.2266261957024653e-7,4.0769487563707685e-7,0.005900132033504257,0.00393304054518262
wide_unsorted,direct,3.5859192999778315,5.3107591851179806e-12,3.412115034961971e-11,1.255671122635249e-10,d_W,true,,4.9960036108132044e-15,2.220446049250313e-15,1.5543122344752192e-15,3.440803197918285e-12,1.1670664434859646e-11,1.1102230246251565e-12,8.01048116727543e-12,2.149391775674303e-13,9.50528544763074e-12,6.88338275267597e-14,8.659739592076221e-14,6.80788758700146e-13,1.255671122635249e-10,2.6961544108417e-11,6.970424237806583e-12,2.6059154834001674e-12,3.0354607716276405e-11,1.6870727037598954e-11
wide_unsorted,harmonic,3.784761199960485,1.4449518584468093e-11,2.7264146496008834e-10,1.2221335055073723e-10,d_W,true,,5.10702591327572e-15,2.220446049250313e-15,1.5543122344752192e-15,3.1672442446506466e-12,1.1693757073771849e-11,1.13509202037676e-12,8.091305403468141e-12,3.872457909892546e-13,9.473311024521536e-12,8.038014698286133e-14,9.103828801926284e-14,6.659117701701689e-13,1.2221335055073723e-10,2.4710899992896884e-11,6.9970695903975866e-12,2.581934666068264e-12,3.051181529656333e-11,1.692312956436126e-11
moderate_unsorted,emphasis,4.210221400018781,7.576659876921358e-12,9.111045251586347e-11,8.975717946668738e-9,d_W,true,,2.220446049250313e-14,1.199040866595169e-14,1.815214645262131e-14,1.8673329549301343e-10,4.6409986964590644e-11,1.6862600205058698e-10,3.1394886690350177e-11,2.3371526935989095e-11,3.4058089681821e-11,9.764189456973327e-12,1.0206946399193839e-11,1.7083445769117134e-11,8.975717946668738e-9,5.578765005509467e-9,6.13762374257476e-11,1.4619372379343076e-10,2.617200900445482e-10,4.3156445084235884e-10
random_00,emphasis,2.7095832000486553,3.4375166581738383e-12,3.178790564106748e-11,3.7400127439468633e-10,d_W,true,,8.881784197001252e-16,1.3322676295501878e-15,1.5543122344752192e-15,1.1009859690602752e-11,1.715960706860642e-12,4.18420853520729e-12,3.5937919307116317e-12,1.8891554987021664e-12,2.3234747459355276e-12,6.588063428125679e-13,3.5149660959632456e-13,1.814992600657206e-12,3.7400127439468633e-10,2.3669421977956517e-10,1.3380407892782387e-12,1.0658141036401503e-12,7.855049943827908e-12,1.2064127474786801e-11
weak_first,emphasis,5.586494499933906,0.0000024827447823524394,0.000006520374505214477,0.09915239441261359,ng1,false,ax1;ng1;d_W;gap;bm_px;bm_py,2.46063802666896e-9,3.267874859602671e-11,1.9953700913788452e-9,0.023952501045938823,5.998245065086394e-7,0.000042570635296002024,0.00002558251362216879,2.3446859387377117e-7,0.00000415192478975257,0.09915239441261359,3.557109145013726e-7,0.00000983307583801718,0.001219984947880448,0.0011474674318172617,3.9686011854556114e-7,3.8001241131624397e-7,0.005538307756909,0.0036918455832312125
wide_unsorted,emphasis,2.1722666999557987,1.4444922338840804e-11,2.7263524771115044e-10,1.269881977350451e-10,d_W,true,,4.9960036108132044e-15,2.220446049250313e-15,1.5543122344752192e-15,3.581135388230905e-12,1.1693757073771849e-11,1.326938559031987e-12,8.01803068384288e-12,2.5224267119483557e-13,9.624301355870557e-12,6.505906924303417e-14,8.459899447643693e-14,7.014389069581739e-13,1.269881977350451e-10,2.758859807272529e-11,7.02193858614919e-12,2.594369163944066e-12,3.053313157863613e-11,1.6860957074982252e-11
